Fault No.,Fault Name for display,LEVEL,Car Type,D1,D2,D3,D4,D5,D6,D7,D8,DTD,C1,C2,C3,C4,C5,C6,C7,C8,CTD
TMS-001,TMS CU1-CU1 com.fault,2,DT-CU1,Status data offline,Initialize 10s,hostler station off in unit,,,,,,5s,,,,,,,,,
TMS-002,TMS CU1-CU2(DT1) com.fault,2,DT-CU1,Status data offline,Initialize 10s,hostler station off in unit,,,,,,5s,,,,,,,,,
TMS-003,TMS CU1- CU2(DT2) com.fault,2,DT-CU1,Status data offline,Initialize 10s,hostler station off in unit,,,,,,5s,,,,,,,,,
TMS-004,,,,,,,,,,,,,,,,,,,,,
TMS-005,TMS CU1-LU com.fault(Car No.2),2,DT-CU1,Status data offline,Initialize 10s,hostler station off in unit,,,,,,5s,,,,,,,,,
TMS-006,TMS CU1-LU com.fault(Car No.3),2,DT-CU1,Status data offline,Initialize 10s,hostler station off in unit,,,,,,5s,,,,,,,,,
TMS-007,TMS CU1-LU com.fault(Car No.4),2,DT-CU1,Status data offline,Initialize 10s,hostler station off in unit,,,,,,5s,,,,,,,,,
TMS-008,TMS CU1-LU com.fault(Car No.5),2,DT-CU1,Status data offline,Initialize 10s,hostler station off in unit,,,,,,5s,,,,,,,,,
TMS-009,TMS CU1-LU com.fault(Car No.6),2,DT-CU1,Status data offline,Initialize 10s,hostler station off in unit,,,,,,5s,,,,,,,,,
TMS-010,TMS CU1-LU com.fault(Car No.7),2,DT-CU1,Status data offline,Initialize 10s,hostler station off in unit,,,,,,5s,,,,,,,,,
TMS-011,TMS CU1-LU com.fault(Car No.8),2,DT-CU1,Status data offline,Initialize 10s,hostler station off in unit,,,,,,5s,,,,,,,,,
TMS-012,TMS CU1-LU com.fault(Car No.9),2,DT-CU1,Status data offline,Initialize 10s,hostler station off in unit,,,,,,5s,,,,,,,,,
TMS-013,TMS CU1-LU com.fault(Car No.10),2,DT-CU1,Status data offline,Initialize 10s,hostler station off in unit,,,,,,5s,,,,,,,,,
TMS-014,TMS CU1-LU com.fault(Car No.11),2,DT-CU1,Status data offline,Initialize 10s,hostler station off in unit,,,,,,5s,,,,,,,,,
TMS-015,TMS CU1-DR(DT1) com.fault,3,DT-CU1,Status data offline,Initialize 10s,hostler station off in unit,,,,,,5s,,,,,,,,,
TMS-016,TMS CU1- DR(DT2) com.fault,3,DT-CU1,Status data offline,Initialize 10s,hostler station off in unit,,,,,,5s,,,,,,,,,
TMS-017,TMS BOTH DR com.fault,2,DT-CU1,TMS-015,TMS-016,,,,,,,,,,,,,,,,
TMS-018,TMS front display com.fault(CU1),3,DT-CU1,Display no response,30s after Transmission start,Initialize 10s,,,,,,10s,,,,,,,,,
TMS-019,TMS side display com.fault,3,DT-CU2,Display no response,30s after Side DU ON,Initialize 10s,,,,,,10s,,,,,,,,,
TMS-020,TMS front display com.fault,3,DT-CU2,Display no response,30s after Display ON,Initialize 10s,,,,,,10s,,,,,,,,,
TMS-021,TMS BOTH Display no response,2,DT-CU2,TMS-019,TMS-020,,,,,,,,,,,,,,,,
TMS-022,TMS Display Backup,3,DT-CU2,Display Backup,Initial 10s,,,,,,,,,,,,,,,,
TMS-027,TMS BOTH DR Card Holder No Response,2,DT-CU1,BOTH IC Card Holder enable,,,,,,,,,,,,,,,,,
TMS-028,"TMS Node connection error(CU1,LU)",3,"DT-CU1,PM,M,T",Node connection error,Initial 10s,,,,,,,5s,,,,,,,,,
TMS-029,TMS Node connection error(CU2),3,DT-CU2,Node connection error,Initial 10s,,,,,,,5s,,,,,,,,,
TMS-030,TMS Node connection error(DR),3,,Node connection error,Initial 10s,,,,,,,5s,,,,,,,,,
TMS-031,"TMS CPU-Car Type Error(CU1,LU)",3,"DT-CU1,PM,M,T",detect Line abnormal,,,,,,,,,,,,,,,,,
TMS-032,TMS CPU-Car Type Error(CU2),3,DT-CU2,detect Line abnormal,,,,,,,,,,,,,,,,,
TMS-033,,,,,,,,,,,,,,,,,,,,,
TMS-034,,,,,,,,,,,,,,,,,,,,,
TMS-035,,,,,,,,,,,,,,,,,,,,,
TMS-036,,,,,,,,,,,,,,,,,,,,,
TMS-037,,,,,,,,,,,,,,,,,,,,,
TMS-038,,,,,,,,,,,,,,,,,,,,,
TMS-039,,,,,,,,,,,,,,,,,,,,,
TMS-040,"TMS DO board fault(CU1,LU)",2,"DT-CU1,PM,M,T",DOS3 card is stall,,,,,,,,,,,,,,,,,
TMS-041,TMS DO board fault(CU2),2,DT-CU2,DOS3 card is stall,,,,,,,,,,,,,,,,,
TMS-042,"NO M.ITEM/Fault D.B(CU1,LU)",3,"DT-CU1,PM,M,T",M.item/Fault D.B not exist,,,,,,,,,,,,,,,,,
TMS-043,NO M.ITEM/Fault D.B(CU2),3,DT-CU2,M.item/Fault D.B not exist,,,,,,,,,,,,,,,,,
TMS-044,NO M.ITEM/Fault D.B(DR),3,,M.item/Fault D.B not exist,,,,,,,,,,,,,,,,,
TMS-045,"NO UDT D.B (CU1, LU)",3,"DT-CU1,PM,M,T",UDT D.B not exist,,,,,,,,,,,,,,,,,
TMS-046,NO UDT D.B (CU2),3,DT-CU2,UDT D.B not exist,,,,,,,,,,,,,,,,,
TMS-047,"NO HINT FILE (CU1, LU)",3,DT-CU1,Hint D.B not exist,,,,,,,,,,,,,,,,,
TMS-048,NO HINT FILE (CU2),3,DT-CU2,Hint D.B not exist,,,,,,,,,,,,,,,,,
TMS-049,"NO PASSWORD FILE (CU1, LU)",3,DT-CU1,Password File not exist,,,,,,,,,,,,,,,,,
TMS-050,NO PASSWORD FILE (CU2),3,DT-CU2,Password File not exist,,,,,,,,,,,,,,,,,
TMS-051,"NO TMS PARAMETER FILE (CU1, LU)",3,"DT-CU1,PM,M,T",TMS parameter not exist,,,,,,,,,,,,,,,,,
TMS-052,NO TMS PARAMETER FILE (CU2),3,DT-CU2,TMS parameter not exist,,,,,,,,,,,,,,,,,
TMS-053,NO DOOR PARAMETER FILE,3,"DT-CU2,PM,M,T",Door parameter not exist,,,,,,,,,,,,,,,,,
TMS-054,"NO PIS D.B(CU1,LU)",3,"DT-CU1,PM,M,T",Door parameter not exist,,,,,,,,,,,,,,,,,
TMS-055,NO PIS D.B(CU2),3,DT-CU2,PIS D.B not exist,,,,,,,,,,,,,,,,,
TMS-056,NO D.R. D.B,3,,D.R not exist,,,,,,,,,,,,,,,,,
TMS-057,D.R IC CARD ERROR,3,,Space of D.R IC card is less than 25%,,,,,,,,,,,,,,,,,
TMS-058,D.R CARD HOLDER NO RESPONSE,3,,D.R card is no response,,,,,,,,,,,,,,,,,
TMS-059,D.R NO MEMORY CARD,3,,D.R card no exist,,,,,,,,,,,,,,,,,
TMS-060,,,,,,,,,,,,,,,,,,,,,
TMS-061,VOBC-FLR,3,"DT-CU1,DT-CU2",VOBC Fault log request,,,,,,,,,,,,,,,,,
TMS-062,,,,,,,,,,,,,,,,,,,,,
TMS-063,,,,,,,,,,,,,,,,,,,,,
TMS-100,BECU PWM Feed back inconsistent,3,"DT-CU2,PM,M,T",BR 115,~BR 198,BR 403,BR 901,,,,,5s,,,,,,,,,
TMS-101,BECU PWM Feed back invalid,3,"DT-CU2,PM,M,T",BR 115,~BR 198,~BR 403,,,,,,2s,,,,,,,,,
TMS-102,,,,,,,,,,,,,,,,,,,,,
TMS-103,CI1 PWM Feedback inconsistent,3,"PM,M",CI1 155,~CI1 192,CI1 406,CI1 501,,,,,5s,,,,,,,,,
TMS-104,CI1 PWM Feedback invalid,3,"PM,M",CI1 155,~CI1 192,~CI1 406,,,,,,2s,,,,,,,,,
TMS-105,,,,,,,,,,,,,,,,,,,,,
TMS-106,CI2 PWM Feedback inconsistent,3,"PM,M",CI2 155,~CI2 192,CI2 406,CI2 501,,,,,5s,,,,,,,,,
TMS-107,CI2 PWM Feedback invalid,3,"PM,M",CI2 155,~CI2 192,~CI2 406,,,,,,2s,,,,,,,,,
TMS-109,Digital PID switches are discrepancy,1,"DT-CU1,DT-CU2",ETC 109,,,,,,,,,,,,,,,,,
TMS-110,TRC excitation signal stop,3,"DT-CU1,DT-CU2,PM,M,T",CAB 100,CAB 101,,,,,,,,,,,,,,,,
TMS-111,Fault Record Clear,3,"DT-CU1,DT-CU2,PM,M,T",CAB 131,,,,,,,,,,,,,,,,,
TMS-112,Energy Consumption set,3,"DT-CU1,DT-CU2",CAB 132,,,,,,,,,,,,,,,,,
TMS-113,Running Distance set,3,"DT-CU1,DT-CU2",CAB 133,,,,,,,,,,,,,,,,,
TMS-114,"Wheel Size set(CU2,M,PM)",3,"DT-CU2,PM,M",CAB 134,,,,,,,,,,,,,,,,,
TMS-115,Pass Load change,3,"DT-CU2,PM,M,T",CAB 135,,,,,,,,,,,,,,,,,
TMS-116,Distance error,3,"DT-CU1,DT-CU2",CEN 764,CAB 147,,,,,,,,,,,,,,,,
TMS-117,Wheel Size set(CU1),3,DT-CU1,CAB 134,,,,,,,,,,,,,,,,,
TMS-118,Manual DO detect,3,"DT-CU1,DT-CU2,PM,M,T",ETC 500,,,,,,,,,,,,,,,,,
CAB-001,PWM AI input fault,2,DT-CU1,CAB 906,CAB 015,,,,,,,5s,,,,,,,,,
CAB-002,PWM failure(Manual),3,DT-CU1,CAB 907,CAB 905,VOB 004,,,,,,,,,,,,,,,
CAB-003,PWM failure(Auto),2,DT-CU1,CAB 901,CAB 905,,,,,,,,,,,,,,,,
CAB-009,Traction Interlock Override,1,DT-CU1,CAB 027,,,,,,,,,,,,,,,,,
CAB-010,EB bypass,1,DT-CU1,CAB 017,,,,,,,,,,,,,,,,,
CAB-011,Train operator safety device(CU1),1,DT-CU1,CAB 018,,,,,,,,1s,,,,,,,,,
CAB-012,SRD Fault,1,DT-CU1,CAB 031,,,,,,,,,,,,,,,,,
CAB-013,Train operator safety device(CU2),1,DT-CU2,CAB 018,,,,,,,,1s,,,,,,,,,
CAB-020,,,,,,,,,,,,,,,,,,,,,
CAB-021,,,,,,,,,,,,,,,,,,,,,
CAB-022,,,,,,,,,,,,,,,,,,,,,
CAB-023,,,,,,,,,,,,,,,,,,,,,
CAB-024,,,,,,,,,,,,,,,,,,,,,
CAB-025,,,,,,,,,,,,,,,,,,,,,
CAB-027,Train operator safety device cutout,1,DT-CU1,CAB 036,,,,,,,,,,,,,,,,,
CAB-028,Rear cab door open up side,2,DT-CU2,CAB 908,CEN 038,CEN 039,CAB 038,,,,,,,,,,,,,,
CAB-029,Rear cab door open down side,2,DT-CU2,CAB 908,CEN 038,CEN 039,CAB 039,,,,,,,,,,,,,,
VOBC-000,,,,,,,,,,,,,,,,,,,,,
VOBC-010,ATP cutout,1,DT-CU1,VOB 000,CAB 015,,,,,,,,,,,,,,,,
VOBC-011,ATO Emergency brake,2,DT-CU1,~VOB 002,CEN 020,,,,,,,,,,,,,,,,
VOBC-012,,,,,,,,,,,,,,,,,,,,,
VOBC-020,,,,,,,,,,,,,,,,,,,,,
VOBC-021,VOBC Speed Change Alarm(CU1),3,DT-CU1,VOBC Speed Change Alarm(CU1),VOB 105,VOB 500,CEN 020,,,,,,,,,,,,,,
VOBC-022,VOBC Dwell Expiration Alarm(CU1),3,DT-CU1,VOBC Dwell Expiration Alarm(CU1),VOB 106,VOB 500,CEN 020,,,,,,,,,,,,,,
VOBC-023,VOBC Over speed Alarm(CU1),3,DT-CU1,VOBC Over speed Alarm(CU1),VOB 107,VOB 500,CEN 020,,,,,,,,,,,,,,
VOBC-024,VOBC Platform Door Status(CU1),2,DT-CU1,VOBC Platform Door Status(CU1),VOB 903,VOB 500,CEN 020,,,,,,,,,,,,,,
VOBC-025,VOBC Platform Door Interface Unit Communication status(CU1),2,DT-CU1,VOBC Platform Door Interface Unit Communication status(CU1),VOB 904,VOB 500,CEN 020,,,,,,,,,,,,,,
VOBC-026,,,,,,,,,,,,,,,,,,,,,
VOBC-028,Both VOBC not active,2,"DT-CU1,DT-CU2",Both VOBC not active,VOB 501,CAB 147,CEN 020,,,,,5s,,,,,,,,,
VOBC-029,VOBC transmission fault(CU1),2,DT-CU1,VOBC transmission fault(CU1),VOB 100,CAB 900,CEN 020,,,,,10s,,,,,,,,,
VOBC-030,VOBC transmission fault(CU2),2,DT-CU2,VOBC transmission fault(CU2),VOB 100,CAB 900,CEN 020,CST 030,,,,10s,,,,,,,,,
VOBC-031,,,,,,,,,,,,,,,,,,,,,
VOBC-032,Both VOBC transmission fault,1,"DT-CU1,DT-CU2",Both VOBC transmission fault,VOB 502,CAB 147,CEN 020,,,,,,,,,,,,,,
VOBC-033,VOBC Speed Change Alarm(CU2),3,DT-CU2,VOBC Speed Change Alarm(CU2),VOB 105,VOB 500,CEN 020,,,,,,,,,,,,,,
VOBC-034,VOBC Dwell Expiration Alarm(CU2),3,DT-CU2,VOBC Dwell Expiration Alarm(CU2),VOB 106,VOB 500,CEN 020,,,,,,,,,,,,,,
VOBC-035,VOBC Over speed Alarm(CU2),3,DT-CU2,VOBC Over speed Alarm(CU2),VOB 107,VOB 500,CEN 020,,,,,,,,,,,,,,
VOBC-036,VOBC Platform Door Status(CU2),2,DT-CU2,VOBC Platform Door Status(CU2),VOB 903,VOB 500,CEN 020,,,,,,,,,,,,,,
VOBC-037,VOBC Platform Door Interface Unit Communication status(CU2),2,DT-CU2,VOBC Platform Door Interface Unit Communication status(CU2),VOB 904,VOB 500,CEN 020,,,,,,,,,,,,,,
BRAKE-002,Parking brake not release bogie1,1,"DT-CU2,PM,M,T",BR 501,~BR 005,,,,,,,15s,BR 005,,,,,,,,
BRAKE-003,Parking brake not release bogie2,1,"DT-CU2,PM,M,T",BR 501,~BR 006,,,,,,,15s,BR 006,,,,,,,,
BRAKE-004,,,,,,,,,,,,,,,,,,,,,
BRAKE-005,PB bypass,2,DT-CU1,CAB 032,,,,,,,,,,,,,,,,,
BRAKE-006,BVIC closed,1,DT-CU1,BR 016,,,,,,,,,,,,,,,,,
BRAKE-008,GEBR failure (1),1,"DT-CU1,DT-CU2",BR 917,BR 915,BR 916,CAB 147,CEN 20,,,,,,,,,,,,,
BRAKE-010,MCP failure,2,PM,BR 002,,,,,,,,,,,,,,,,,
BRAKE-011,BECU Major fault,1,"DT-CU2,PM,M,T",BR 010,DOW N,,,,,,,,BR 010,,,,,,,,
BRAKE-012,BECU Shut down,1,"DT-CU2,PM,M,T",BR 011,DOW N,,,,,,,,BR 011,,,,,,,,
BRAKE-013,MR low pressure,1,PM,~BR 014,DOW N,,,,,,,,~BR 014,,,,,,,,
BRAKE-014,Friction brake not released bogie1,1,"DT-CU2,PM,M,T",BR 008,~BR 909,~BR 906,~CAB 909,~BR 099,,,,5s,,,,,,,,,
BRAKE-015,Friction brake not apply bogie1,1,"DT-CU2,PM,M,T",BR 907,~BR 906,~BR 910,,,,,,3s,,,,,,,,,
BRAKE-016,BECU Wheel slide protection system failure,2,"DT-CU2,PM,M,T",BR 900,,,,,,,,,,,,,,,,,
BRAKE-017,Friction brake not released bogie2,1,"DT-CU2,PM,M,T",BR 009,~BR 909,~BR 906,~CAB 909,~BR 099,,,,5s,,,,,,,,,
BRAKE-018,Friction brake not apply bogie2,1,"DT-CU2,PM,M,T",BR 908,~BR 906,~BR 911,,,,,,3s,,,,,,,,,
BRAKE-019,Air leakage to BP,1,DT-CU1,BR 013,~BR 906,,,,,,,,,,,,,,,,
BRAKE-020,BECU transmission fault,2,"DT-CU2,PM,M,T",BR 100,CAB 900,,,,,,,10s,,,,,,,,,
BRAKE-021,BECU S205 Coding EB03 M-car only,3,"PM,M",BR 124,,,,,,,,,,,,,,,,,
BRAKE-022,BECU 0305 Board EB03 M-car only,3,"PM,M",BR 125,,,,,,,,,,,,,,,,,
BRAKE-023,BECU S203 Coding EB03,3,"DT-CU2,PM,M,T",BR 126,,,,,,,,,,,,,,,,,
BRAKE-024,BECU S202 Coding EB01,3,"DT-CU2,PM,M,T",BR 127,,,,,,,,,,,,,,,,,
BRAKE-025,BECU S201 Coding MB04,3,"DT-CU2,PM,M,T",BR 128,,,,,,,,,,,,,,,,,
BRAKE-026,BECU 0303 Board EB03,3,"DT-CU2,PM,M,T",BR 129,,,,,,,,,,,,,,,,,
BRAKE-027,BECU 0302 Board EB01,3,"DT-CU2,PM,M,T",BR 130,,,,,,,,,,,,,,,,,
BRAKE-028,BECU 0301 Board MB04,3,"DT-CU2,PM,M,T",BR 131,,,,,,,,,,,,,,,,,
BRAKE-029,BECU 1101 Speed sens.1 bias voltage,3,"DT-CU2,PM,M,T",BR 132,,,,,,,,,,,,,,,,,
BRAKE-030,BECU 1201 Speed sens.1 error,3,"DT-CU2,PM,M,T",BR 133,,,,,,,,,,,,,,,,,
BRAKE-031,BECU 2101 Speed sens.2 bias voltage,3,"DT-CU2,PM,M,T",BR 134,,,,,,,,,,,,,,,,,
BRAKE-032,BECU 2201 Speed sens.2 error,3,"DT-CU2,PM,M,T",BR 135,,,,,,,,,,,,,,,,,
BRAKE-033,BECU 3101 Speed sens.3 bias voltage,3,"DT-CU2,PM,M,T",BR 136,,,,,,,,,,,,,,,,,
BRAKE-034,BECU 3201 Speed sens.3 error,3,"DT-CU2,PM,M,T",BR 137,,,,,,,,,,,,,,,,,
BRAKE-035,BECU 4101 Speed sens.4 bias voltage,3,"DT-CU2,PM,M,T",BR 138,,,,,,,,,,,,,,,,,
BRAKE-036,BECU 4201 Speed sens.4 error,3,"DT-CU2,PM,M,T",BR 139,,,,,,,,,,,,,,,,,
BRAKE-037,BECU 1301 short circuit dump valve 1 venting,3,"DT-CU2,PM,M,T",BR 140,,,,,,,,,,,,,,,,,
BRAKE-038,BECU 1401 short circuit dump valve 1 charging,3,"DT-CU2,PM,M,T",BR 141,,,,,,,,,,,,,,,,,
BRAKE-039,BECU 1701 open circuit dump valve 1 venting,3,"DT-CU2,PM,M,T",BR 142,,,,,,,,,,,,,,,,,
BRAKE-040,BECU 1801 open circuit dump valve 1 charging,3,"DT-CU2,PM,M,T",BR 143,,,,,,,,,,,,,,,,,
BRAKE-041,BECU 2301 short circuit dump valve 2 venting,3,"DT-CU2,PM,M,T",BR 144,,,,,,,,,,,,,,,,,
BRAKE-042,BECU 2401 short circuit dump valve 2 charging,3,"DT-CU2,PM,M,T",BR 145,,,,,,,,,,,,,,,,,
BRAKE-043,BECU 2701 open circuit dump valve 2 venting,3,"DT-CU2,PM,M,T",BR 146,,,,,,,,,,,,,,,,,
BRAKE-044,BECU 2801 open circuit dump valve 2 charging,3,"DT-CU2,PM,M,T",BR 147,,,,,,,,,,,,,,,,,
BRAKE-045,BECU 5501 Power out 8 short circuit,3,"DT-CU2,PM,M,T",BR 148,,,,,,,,,,,,,,,,,
BRAKE-046,BECU 5601 Power out 8 open circuit,3,"DT-CU2,PM,M,T",BR 149,,,,,,,,,,,,,,,,,
BRAKE-047,BECU 5301 Power out 7 short circuit,3,"DT-CU2,PM,M,T",BR 150,,,,,,,,,,,,,,,,,
BRAKE-048,BECU 5401 Power out 7 open circuit,3,"DT-CU2,PM,M,T",BR 151,,,,,,,,,,,,,,,,,
BRAKE-049,BECU 4501 Power out 6 short circuit,3,"DT-CU2,PM,M,T",BR 152,,,,,,,,,,,,,,,,,
BRAKE-050,BECU 4601 Power out 6 open circuit,3,"DT-CU2,PM,M,T",BR 153,,,,,,,,,,,,,,,,,
BRAKE-051,BECU 4301 Power out 5 short circuit,3,"DT-CU2,PM,M,T",BR 154,,,,,,,,,,,,,,,,,
BRAKE-052,BECU 4401 Power out 5 open circuit,3,"DT-CU2,PM,M,T",BR 155,,,,,,,,,,,,,,,,,
BRAKE-053,BECU 1501 safety monitoring circuit defective,3,"DT-CU2,PM,M,T",BR 156,,,,,,,,,,,,,,,,,
BRAKE-054,BECU 7001 All Speed Sensor/Signal fail,3,"DT-CU2,PM,M,T",BR 157,,,,,,,,,,,,,,,,,
BRAKE-055,BECU E0 RS485 communication failed,3,"DT-CU2,PM,M,T",BR 158,,,,,,,,,,,,,,,,,
BRAKE-056,BECU E103 PWM-Brake demand Signal out of range,3,"DT-CU2,PM,M,T",BR 159,,,,,,,,,,,,,,,,,
BRAKE-057,BECU F001 Cv-pressure sensor signal Bogie1 fails,3,"DT-CU2,PM,M,T",BR 160,,,,,,,,,,,,,,,,,
BRAKE-058,BECU F101 Cv-pressure sensor signal Bogie2 fails,3,"DT-CU2,PM,M,T",BR 161,,,,,,,,,,,,,,,,,
BRAKE-059,BECU F201 Load Sensor Signal Bogie1 fails,3,"DT-CU2,PM,M,T",BR 162,,,,,,,,,,,,,,,,,
BRAKE-060,BECU F301 Load Signal<0.7 tare load,2,"DT-CU2,PM,M,T",BR 163,BR 912,,,,,,,17s,Down BR 163,,,,,,,,
BRAKE-061,"BECU F401 Load Signal>1,2 crush load",3,"DT-CU2,PM,M,T",BR 164,,,,,,,,,,,,,,,,,
BRAKE-062,BECU F501 Load Sensor Signal Bogie 2 fails,3,"DT-CU2,PM,M,T",BR 165,,,,,,,,,,,,,,,,,
BRAKE-063,BECU F6 Event Emergency Brake Valve bogie1,3,"DT-CU2,PM,M,T",BR 166,,,,,,,,,,,,,,,,,
BRAKE-064,BECU F7 Event Emergency Brake Valve bogie2,3,"DT-CU2,PM,M,T",BR 167,,,,,,,,,,,,,,,,,
BRAKE-065,BECU F802 Cv SW does not switch bogie1,3,"DT-CU2,PM,M,T",BR 168,,,,,,,,,,,,,,,,,
BRAKE-066,BECU F902 Cv SW does not switch bogie2,3,"DT-CU2,PM,M,T",BR 169,,,,,,,,,,,,,,,,,
BRAKE-067,BECU FA01 Error at Calibration pressure controller bogie1,3,"DT-CU2,PM,M,T",BR 170,,,,,,,,,,,,,,,,,
BRAKE-068,BECU FB01 Error at Calibration pressure controller bogie2,3,"DT-CU2,PM,M,T",BR 171,,,,,,,,,,,,,,,,,
BRAKE-069,BECU FC Calibration Pressure of Controllers Aborted,3,"DT-CU2,PM,M,T",BR 172,,,,,,,,,,,,,,,,,
BRAKE-070,BECU FD03 Signal ED-Brake Effort failed bogie2,3,"PM,M",BR 173,,,,,,,,,,,,,,,,,
BRAKE-071,BECU FE05 Signal ED-Brake Effort failed bogie1,3,"PM,M",BR 174,,,,,,,,,,,,,,,,,
BRAKE-072,BECU FF03 Cross-blending Signal 1 failed,3,"DT-CU2,T",BR 175,,,,,,,,,,,,,,,,,
BRAKE-073,BECU FH03 Cross-blending Signal 2 failed,3,"DT-CU2,T",BR 176,,,,,,,,,,,,,,,,,
BRAKE-075,"BECU R202 Relay Contact ""Major Event"" detect",3,"DT-CU2,PM,M,T",BR 178,,,,,,,,,,,,,,,,,
BRAKE-076,"BECU R302 Relay Contact ""ECU shut down"" detect",3,"PM,M",BR 179,,,,,,,,,,,,,,,,,
BRAKE-077,"BECU R402 Relay Contact ""Slide detected"" detect",3,"PM,M",BR 180,,,,,,,,,,,,,,,,,
BRAKE-078,"BECU R502 Relay Contact ""Electric Brake Cutoff"" detected",3,"PM,M",BR 181,,,,,,,,,,,,,,,,,
BRAKE-079,"BECU R702 Relay Contact Scrubber ""Brake Speed"" detect",3,"DT-CU2,PM,M,T",BR 183,,,,,,,,,,,,,,,,,
BRAKE-080,"BECU R802 Relay Contact ""Zero speed"" detect",3,"DT-CU2,PM,M,T",BR 184,,,,,,,,,,,,,,,,,
BRAKE-081,BECU P0 Test Run aborted,3,"DT-CU2,PM,M,T",BR 185,,,,,,,,,,,,,,,,,
BRAKE-082,BECU P1S1 bogie1:Cv switch open at Test Run start when Cv<5.5bar,3,"DT-CU2,PM,M,T",BR 186,,,,,,,,,,,,,,,,,
BRAKE-083,BECU P2S1 bogie1:Cv increasing and Cv Switch does not switch,3,"DT-CU2,PM,M,T",BR 187,,,,,,,,,,,,,,,,,
BRAKE-084,BECU P3S1 bogie1:Cv decreasing and Cv Switch does not switch,3,"DT-CU2,PM,M,T",BR 188,,,,,,,,,,,,,,,,,
BRAKE-085,BECU P4S1 bogie1:Error in switching level Cv switch,3,"DT-CU2,PM,M,T",BR 189,,,,,,,,,,,,,,,,,
BRAKE-086,BECU P5S1 bogie1:Error in Hysteresis Cv switch,3,"DT-CU2,PM,M,T",BR 190,,,,,,,,,,,,,,,,,
BRAKE-087,BECU P1S2 bogie2:Cv switch open at Test Run start when Cv<5.5bar,3,"DT-CU2,PM,M,T",BR 191,,,,,,,,,,,,,,,,,
BRAKE-088,BECU P2S2 bogie2:Cv increasing and Cv Switch does not switch,3,"DT-CU2,PM,M,T",BR 192,,,,,,,,,,,,,,,,,
BRAKE-089,BECU P3S2 bogie2:Cv decreasing and Cv Switch does not switch,3,"DT-CU2,PM,M,T",BR 193,,,,,,,,,,,,,,,,,
BRAKE-090,BECU P4S2 bogie2:Error in switching level Cv switch,3,"DT-CU2,PM,M,T",BR 194,,,,,,,,,,,,,,,,,
BRAKE-091,BECU P5S2 bogie2:Error in Hysteresis Cv switch,3,"DT-CU2,PM,M,T",BR 195,,,,,,,,,,,,,,,,,
BRAKE-092,BECU CAR Error in car identification,3,"DT-CU2,PM,M,T",BR 196,,,,,,,,,,,,,,,,,
BRAKE-093,BECU E202 Powering Braking Train line fault,3,"DT-CU2,PM,M,T",BR 197,,,,,,,,,,,,,,,,,
BRAKE-094,BECU E3 In manual mode refernce value from TMS failed,3,"DT-CU2,PM,M,T",BR 198,,,,,,,,,,,,,,,,,
BRAKE-095,,,,,,,,,,,,,,,,,,,,,
BRAKE-096,BECU E501 Error in Cv-pressure control bogie1,3,"DT-CU2,PM,M,T",BR 200,,,,,,,,,,,,,,,,,
BRAKE-097,BECU E601 Error in Cv-pressure control bogie2,3,"DT-CU2,PM,M,T",BR 201,,,,,,,,,,,,,,,,,
BRAKE-098,,,,,,,,,,,,,,,,,,,,,
BRAKE-099,,,,,,,,,,,,,,,,,,,,,
BRAKE-100,,,,,,,,,,,,,,,,,,,,,
BRAKE-101,BECU Slide detect bogie1,3,"DT-CU2,PM,M,T",BR 105,,,,,,,,,,,,,,,,,
BRAKE-102,BECU Slide detect bogie2,3,"DT-CU2,PM,M,T",BR 106,,,,,,,,,,,,,,,,,
BRAKE-103,,,,,,,,,,,,,,,,,,,,,
BRAKE-104,,,,,,,,,,,,,,,,,,,,,
BRAKE-108,Brake Major fault (1),1,"DT-CU1,DT-CU2",BR 919,BR 915,BR 916,CAB 147,CEN 20,,,,,,,,,,,,,
BRAKE-111,,,,,,,,,,,,,,,,,,,,,
BRAKE-112,GEBR failure (0),1,"DT-CU1,DT-CU2",BR 922,CAB 147,CEN 20,,,,,,,,,,,,,,,
BRAKE-116,,,,,,,,,,,,,,,,,,,,,
BRAKE-117,Brake Major fault(0),1,"DT-CU1,DT-CU2",BR 924,CAB 147,CEN 20,,,,,,,,,,,,,,,
BRAKE-120,,,,,,,,,,,,,,,,,,,,,
BRAKE-121,EB not apply bogie1 (with BECU shut down),3,"DT-CU2,PM,M,T",~BR 903,~BR 906,~BR 008,BR 926,,,,,3s,,,,,,,,,
BRAKE-122,EB not apply bogie2 (with BECU shut down),3,"DT-CU2,PM,M,T",~BR 903,~BR 906,~BR 009,BR 926,,,,,3s,,,,,,,,,
CI1-000,,,,,,,,,,,,,,,,,,,,,
CI1-010,CI1 failure,2,"PM,M",CI1 000,DOW N,~CI1 902,,,,,,,CI1 000,,,,,,,,
CI1-011,CI1 WDT failure,3,"PM,M",CI1 001,~CI1 902,,,,,,,,,,,,,,,,
CI1-012,CI1 energy saving,3,"PM,M",CI1 002,,,,,,,,,,,,,,,,,
CI1-020,CI1 transmission fault,2,"PM,M",CI1 100,CAB 900,~CI1 902,,,,,,10s,,,,,,,,,
CI1-021,CI1 Ground fault,2,"PM,M",CI1 128,,,,,,,,,,,,,,,,,
CI1-022,CI1 Over regenerative braking effort,3,"PM,M",CI1 129,,,,,,,,,,,,,,,,,
CI1-023,CI1 Over current of secondary circuit 1,3,"PM,M",CI1 130,,,,,,,,,,,,,,,,,
CI1-024,CI1 Over current of secondary circuit 2,2,"PM,M",CI1 131,,,,,,,,,,,,,,,,,
CI1-025,CI1 Over voltage of DC circuit,3,"PM,M",CI1 132,,,,,,,,,,,,,,,,,
CI1-026,,,,CI1 133,,,,,,,,,,,,,,,,,
CI1-027,CI1 Low voltage of control power source,3,"PM,M",CI1 134,,,,,,,,,,,,,,,,,
CI1-028,CI1 Converter IGBT self protection,3,"PM,M",CI1 135,,,,,,,,,,,,,,,,,
CI1-029,CI1 Inverter IGBT self protection,3,"PM,M",CI1 136,,,,,,,,,,,,,,,,,
CI1-030,CI1 CPU fault,3,"PM,M",CI1 137,,,,,,,,,,,,,,,,,
CI1-031,CI1 Over current of main motor,3,"PM,M",CI1 138,,,,,,,,,,,,,,,,,
CI1-032,CI1 Phase unbalance of motor current,3,"PM,M",CI1 139,,,,,,,,,,,,,,,,,
CI1-033,CI1 Fault of pulse generator,3,"PM,M",CI1 140,,,,,,,,,,,,,,,,,
CI1-034,CI1 Over Temperature of semiconductor unit 1,3,"PM,M",CI1 141,,,,,,,,,,,,,,,,,
CI1-035,CI1 Over Temperature of semiconductor unit 2,3,"PM,M",CI1 142,,,,,,,,,,,,,,,,,
CI1-036,CI1 Fault of charging circuit,3,"PM,M",CI1 143,,,,,,,,,,,,,,,,,
CI1-037,CI1 CI level 1or2 fault,3,"PM,M",CI1 144,CI1 000,,,,,,,2s,~CI1 144,,,,,,,,
CI1-038,CI1 Regenerative braking effort failure,3,"PM,M",CI1 145,,,,,,,,,,,,,,,,,
CI1-039,CI1 Tractive effort failure,3,"PM,M",CI1 146,,,,,,,,,,,,,,,,,
CI1-040,CI1 CPLV-control P5 low voltage,3,"PM,M",CI1 147,,,,,,,,,,,,,,,,,
CI1-041,CI1 CPLV-control P15 low voltage,3,"PM,M",CI1 148,,,,,,,,,,,,,,,,,
CI1-042,CI1 CPLV-control M15 low voltage,3,"PM,M",CI1 149,,,,,,,,,,,,,,,,,
CI1-043,CI1 CPLV-relay P24 low voltage,3,"PM,M",CI1 150,,,,,,,,,,,,,,,,,
CI1-044,CI1 CPLV-sensor 15 low voltage,3,"PM,M",CI1 151,,,,,,,,,,,,,,,,,
CI1-045,CI1 CPLV-monitor P5 low voltage,3,"PM,M",CI1 152,,,,,,,,,,,,,,,,,
CI1-046,CI1 CPLV-PG sensor P12 low voltage,3,"PM,M",CI1 153,,,,,,,,,,,,,,,,,
CI1-047,CI1 CPLV-BECU I/F P15 low voltage,3,"PM,M",CI1 154,,,,,,,,,,,,,,,,,
CI1-048,CI1 PWM Fault from hardware,3,"PM,M",CI1 155,,,,,,,,,,,,,,,,,
CI1-049,CI1 PGD-1A sensor fault,3,"PM,M",CI1 156,,,,,,,,,,,,,,,,,
CI1-050,CI1 PGD-1B sensor fault,3,"PM,M",CI1 157,,,,,,,,,,,,,,,,,
CI1-051,CI1 PGD-2A sensor fault,3,"PM,M",CI1 158,,,,,,,,,,,,,,,,,
CI1-052,CI1 PGD-2B sensor fault,3,"PM,M",CI1 159,,,,,,,,,,,,,,,,,
CI1-053,CI1 Backward speed detects,3,"PM,M",CI1 160,,,,,,,,,,,,,,,,,
CI1-054,CI1 Over temperature of semiconductor unit3,3,"PM,M",CI1 161,,,,,,,,,,,,,,,,,
CI1-055,CI1 Over temperature of semiconductor unit4,3,"PM,M",CI1 162,,,,,,,,,,,,,,,,,
CI1-056,CI1 Wheel Slip/Slide while Powering,3,"PM,M",CI1 127,CI1 164,,,,,,,0.5s,,,,,,,,,
CI1-057,CI1 Wheel Slip/Slide while Braking,3,"PM,M",CI1 127,CI1 165,,,,,,,0.5s,,,,,,,,,
CI1-058,CI1 PB failure,3,"PM,M",CI1 191,,,,,,,,,,,,,,,,,
CI1-059,CI1 PWMF Backup,3,"PM,M",CI1 192,CEN 905,CAB 907,,,,,,5s,,,,,,,,,
CI1-060,CI1 Trace data com.fault,3,"PM,M",CI1 500,,,,,,,,,,,,,,,,,
CI1-061,,,,,,,,,,,,,,,,,,,,,
CI1-062,,,,,,,,,,,,,,,,,,,,,
CI1-063,,,,,,,,,,,,,,,,,,,,,
CI1-064,CI1 Regeneration brake isolate,3,"PM,M",CI1 502,,,,,,,,,,,,,,,,,
CI1-065,CI1 Regeneration brake isolate fault,3,"PM,M",CI1 905,^,CI1 120,,,,,,5s,,,,,,,,,
CI1-066,CI1 Over voltage of Primary curcuit,3,"PM,M",CI1 124,,,,,,,,,,,,,,,,,
CI1-067,,,,,,,,,,,,,,,,,,,,,
CI1-100,CI1 pseudo failure,3,"PM,M",,,,,,,,,,,,,,,,,,
CI2-000,,,,,,,,,,,,,,,,,,,,,
CI2-010,CI2 failure,2,"PM,M",CI2 000,DOW N,~CI2 902,,,,,,,CI2 000,,,,,,,,
CI2-011,CI2 WDT failure,3,"PM,M",CI2 001,~CI2 902,,,,,,,,,,,,,,,,
CI2-012,CI2 energy saving,3,"PM,M",CI2 002,,,,,,,,,,,,,,,,,
CI2-020,CI2 transmission fault,2,"PM,M",CI2 100,CAB 900,~BR 902,,,,,,,,,,,,,,,
CI2-021,CI2 Ground fault,2,"PM,M",CI2 128,,,,,,,,,,,,,,,,,
CI2-022,CI2 Over regenerative braking effort,3,"PM,M",CI2 129,,,,,,,,,,,,,,,,,
CI2-023,CI2 Over current of secondary circuit 1,3,"PM,M",CI2 130,,,,,,,,,,,,,,,,,
CI2-024,CI2 Over current of secondary circuit 2,2,"PM,M",CI2 131,,,,,,,,,,,,,,,,,
CI2-025,CI2 Over voltage of DC circuit,3,"PM,M",CI2 132,,,,,,,,,,,,,,,,,
CI2-026,,,,,,,,,,,,,,,,,,,,,
CI2-027,CI2 Low voltage of control power source,3,"PM,M",CI2 134,,,,,,,,,,,,,,,,,
CI2-028,CI2 Converter IGBT self protection,3,"PM,M",CI2 135,,,,,,,,,,,,,,,,,
CI2-029,CI2 Inverter IGBT self protection,3,"PM,M",CI2 136,,,,,,,,,,,,,,,,,
CI2-030,CI2 CPU fault,3,"PM,M",CI2 137,,,,,,,,,,,,,,,,,
CI2-031,CI2 Over current of main motor,3,"PM,M",CI2 138,,,,,,,,,,,,,,,,,
CI2-032,CI2 Phase unbalance of motor current,3,"PM,M",CI2 139,,,,,,,,,,,,,,,,,
CI2-033,CI2 Fault of pulse generator,3,"PM,M",CI2 140,,,,,,,,,,,,,,,,,
CI2-034,CI2 Over temperature of semiconductor unit 1,3,"PM,M",CI2 141,,,,,,,,,,,,,,,,,
CI2-035,CI2 Over temperature of semiconductor unit 2,3,"PM,M",CI2 142,,,,,,,,,,,,,,,,,
CI2-036,CI2 Fault of charging circuit,3,"PM,M",CI2 143,,,,,,,,,,,,,,,,,
CI2-037,CI2 CI level 1or2 fault,3,"PM,M",CI2 144,,,,,,,,2s,~CI2 144,,,,,,,,
CI2-038,CI2 Regenerative braking effort failure,3,"PM,M",CI2 145,,,,,,,,,,,,,,,,,
CI2-039,CI2 Tractive effort failure,3,"PM,M",CI2 146,,,,,,,,,,,,,,,,,
CI2-040,CI2 CPLV-control P5 low voltage,3,"PM,M",CI2 147,,,,,,,,,,,,,,,,,
CI2-041,CI2 CPLV-control P15 low voltage,3,"PM,M",CI2 148,,,,,,,,,,,,,,,,,
CI2-042,CI2 CPLV-control M15 low voltage,3,"PM,M",CI2 149,,,,,,,,,,,,,,,,,
CI2-043,CI2 CPLV-relay P24 low voltage,3,"PM,M",CI2 150,,,,,,,,,,,,,,,,,
CI2-044,CI2 CPLV-sensor 15 low voltage,3,"PM,M",CI2 151,,,,,,,,,,,,,,,,,
CI2-045,CI2 CPLV-monitor P5 low voltage,3,"PM,M",CI2 152,,,,,,,,,,,,,,,,,
CI2-046,CI2 CPLV-PG sensor P12 low voltage,3,"PM,M",CI2 153,,,,,,,,,,,,,,,,,
CI2-047,CI2 CPLV-BECU I/F P15 low voltage,3,"PM,M",CI2 154,,,,,,,,,,,,,,,,,
CI2-048,CI2 PWM Fault from hardware,3,"PM,M",CI2 155,,,,,,,,,,,,,,,,,
CI2-049,CI2 PGD-1A sensor fault,3,"PM,M",CI2 156,,,,,,,,,,,,,,,,,
CI2-050,CI2 PGD-1B sensor fault,3,"PM,M",CI2 157,,,,,,,,,,,,,,,,,
CI2-051,CI2 PGD-2A sensor fault,3,"PM,M",CI2 158,,,,,,,,,,,,,,,,,
CI2-052,CI2 PGD-2B sensor fault,3,"PM,M",CI2 159,,,,,,,,,,,,,,,,,
CI2-053,CI2 Backward speed detects,3,"PM,M",CI2 160,,,,,,,,,,,,,,,,,
CI2-054,CI2 Over temperature of semiconductor unit3,3,"PM,M",CI2 161,,,,,,,,,,,,,,,,,
CI2-055,CI2 Over temperature of semiconductor unit4,3,"PM,M",CI2 162,,,,,,,,,,,,,,,,,
CI2-056,CI2 Wheel Slip/Slide while Powering,3,"PM,M",CI2 127,CI2 164,,,,,,,0.5s,,,,,,,,,
CI2-057,CI2 Wheel Slip/Slide while Braking,3,"PM,M",CI2 127,CI2 165,,,,,,,0.5s,,,,,,,,,
CI2-058,CI2 PB failure,3,"PM,M",CI2 191,,,,,,,,,,,,,,,,,
CI2-059,CI2 PWMF Backup,3,"PM,M",CI2 192,CEN 905,CAB 907,,,,,,5s,,,,,,,,,
CI2-060,CI2 Trace data com.fault,3,"PM,M",CI2 500,,,,,,,,,,,,,,,,,
CI2-061,,,,,,,,,,,,,,,,,,,,,
CI2-062,,,,,,,,,,,,,,,,,,,,,
CI2-063,,,,,,,,,,,,,,,,,,,,,
CI2-064,CI2 Regeneration brake isolate,3,"PM,M",CI2 502,,,,,,,,,,,,,,,,,
CI2-065,CI2 Regeneration brake isolate fault,3,"PM,M",CI2 905,^,CI2 120,,,,,,5s,,,,,,,,,
CI2-066,CI2 Over voltage of Primary curcuit,3,"PM,M",CI2 124,,,,,,,,,,,,,,,,,
CI2-067,,,,,,,,,,,,,,,,,,,,,
CI2-100,CI2 pseudo failure,3,"PM,M",,,,,,,,,,,,,,,,,,
CI1-500,Multiple CI failure,1,"DT-CU1,DT-CU2",CI 900,CAB 147,,,,,,,,,,,,,,,,
SIV1-500,SIV 1/2 faults,2,M,SIV 015,SIV 016,,,,,,,,,,,,,,,,
SIV1-010,SIV1 failure,2,M,SIV 015,,,,,,,,,,,,,,,,,
SIV1-020,SIV1 transmission fault,2,M,SIV 100,CAB 900,,,,,,,10s,,,,,,,,,
SIV1-021,SIV1 ACOSC,3,M,SIV 108,,,,,,,,,,,,,,,,,
SIV1-022,SIV1 ACOCD1,3,M,SIV 109,,,,,,,,,,,,,,,,,
SIV1-023,SIV1 ACOVD,3,M,SIV 110,,,,,,,,,,,,,,,,,
SIV1-024,SIV1 ACLVD,3,M,SIV 111,,,,,,,,,,,,,,,,,
SIV1-025,SIV1 ACLOVD,3,M,SIV 112,,,,,,,,,,,,,,,,,
SIV1-026,SIV1 CPSF,3,M,SIV 113,,,,,,,,,,,,,,,,,
SIV1-027,SIV1 STF,3,M,SIV 114,,,,,,,,,,,,,,,,,
SIV1-028,SIV1 CONVOCD,3,M,SIV 115,,,,,,,,,,,,,,,,,
SIV1-029,SIV1 INVFO,3,M,SIV 116,,,,,,,,,,,,,,,,,
SIV1-030,SIV1 IVK1D,3,M,SIV 117,,,,,,,,,,,,,,,,,
SIV1-031,SIV1 IVK2D,3,M,SIV 118,,,,,,,,,,,,,,,,,
SIV1-032,SIV1 CONVFO,3,M,SIV 119,,,,,,,,,,,,,,,,,
SIV1-033,SIV1 ACOCD2,3,M,SIV 120,,,,,,,,,,,,,,,,,
SIV1-034,SIV1 IAOC,3,M,SIV 121,,,,,,,,,,,,,,,,,
SIV1-035,SIV1 GFD,3,M,SIV 122,,,,,,,,,,,,,,,,,
SIV1-036,SIV1 INVOVD,3,M,SIV 131,,,,,,,,,,,,,,,,,
SIV1-040,SIV1 Trace data com.fault,3,M,SIV 500,,,,,,,,,,,,,,,,,
SIV1-041,SIV1 pseudo failure,3,M,,,,,,,,,,,,,,,,,,
SIV2-010,SIV2 failure,2,M,SIV 016,,,,,,,,,,,,,,,,,
SIV2-020,SIV2 transmission fault,2,M,SIV 200,CAB 900,,,,,,,10s,,,,,,,,,
SIV2-021,SIV2 ACOSC,3,M,SIV 208,,,,,,,,,,,,,,,,,
SIV2-022,SIV2 ACOCD1,3,M,SIV 209,,,,,,,,,,,,,,,,,
SIV2-023,SIV2 ACOVD,3,M,SIV 210,,,,,,,,,,,,,,,,,
SIV2-024,SIV2 ACLVD,3,M,SIV 211,,,,,,,,,,,,,,,,,
SIV2-025,SIV2 ACLOVD,3,M,SIV 212,,,,,,,,,,,,,,,,,
SIV2-026,SIV2 CPSF,3,M,SIV 213,,,,,,,,,,,,,,,,,
SIV2-027,SIV2 STF,3,M,SIV 214,,,,,,,,,,,,,,,,,
SIV2-028,SIV2 CONVOCD,3,M,SIV 215,,,,,,,,,,,,,,,,,
SIV2-029,SIV2 INVFO,3,M,SIV 216,,,,,,,,,,,,,,,,,
SIV2-030,SIV2 IVK1D,3,M,SIV 217,,,,,,,,,,,,,,,,,
SIV2-031,SIV2 IVK2D,3,M,SIV 218,,,,,,,,,,,,,,,,,
SIV2-032,SIV2 CONVFO,3,M,SIV 219,,,,,,,,,,,,,,,,,
SIV2-033,SIV2 ACOCD2,3,M,SIV 220,,,,,,,,,,,,,,,,,
SIV2-034,SIV2 IAOC,3,M,SIV 221,,,,,,,,,,,,,,,,,
SIV2-035,SIV2 GFD,3,M,SIV 222,,,,,,,,,,,,,,,,,
SIV2-036,SIV2 INVOVD,3,M,SIV 231,,,,,,,,,,,,,,,,,
SIV2-040,SIV2 Trace data com.fault,3,M,SIV 501,,,,,,,,,,,,,,,,,
SIV2-041,SIV2 pseudo failure,3,M,,,,,,,,,,,,,,,,,,
SIV1-042,SIV1 THD,3,M,SIV 132,,,,,,,,,,,,,,,,,
SIV2-042,SIV2 THD,3,M,SIV 232,,,,,,,,,,,,,,,,,
DCU U-010,UP Side emergency access activated,1,"DT-CU2,PM,M,T",~DRU 002,,,,,,,,,,,,,,,,,
DCU U-020,EDCU U1 transmission fault,2,"DT-CU2,PM,M,T",DRU 100,CAB 900,,,,,,,10s,,,,,,,,,
DCU U-021,EDCU U1 DLS failure,3,"DT-CU2,PM,M,T",DRU 111,,,,,,,,,,,,,,,,,
DCU U-022,EDCU U1 DCS1 failure,3,"DT-CU2,PM,M,T",DRU 112,,,,,,,,,,,,,,,,,
DCU U-023,EDCU U1 DCS2 failure,3,"DT-CU2,PM,M,T",DRU 113,,,,,,,,,,,,,,,,,
DCU U-024,EDCU U1 EDCU fault,3,"DT-CU2,PM,M,T",DRU 114,,,,,,,,,,,,,,,,,
DCU U-025,EDCU U1 Motor circuit failure,3,"DT-CU2,PM,M,T",DRU 115,,,,,,,,,,,,,,,,,
DCU U-026,EDCU U1 Obstruction detection,2,"DT-CU2,PM,M,T",DRU 107,,,,,,,,,,,,,,,,,
DCU U-027,EDCU U1 Equipment fault,1,"DT-CU2,PM,M,T",DCU U-021,U,DCU U-022,U,DCU U-023 U DCU U-024,U,DCU U-025,,,,,,,,,,,
DCU U-028,EDCU U1 inconsistent between command and status(running),1,"DT-CU2,PM,M,T",DRU 901,CAB 902,~DRU 110,~DRU 132,~DRU 107,~DRU 900,,,6s,,,,,,,,,
DCU U-029,EDCU U1 inconsistent between command and status(Standstill),3,"DT-CU2,PM,M,T",DRU 901,~CAB 902,~DRU 110,~DRU 132,~DRU 107,~DRU 900,,,15s,,,,,,,,,
DCU U-030,EDCU U1 EEDR Activated,2,"DT-CU2,PM,M,T",DRU 102,,,,,,,,,,,,,,,,,
DCU U-031,EDCU U1 IEDR Activated,2,"DT-CU2,PM,M,T",DRU 101,,,,,,,,,,,,,,,,,
DCU U-032,EDCU U1 Isolate,3,"DT-CU2,PM,M,T",DRU 500,,,,,,,,,,,,,,,,,
DCU U-033,EDCU U1 Isolate Fault,3,"DT-CU2,PM,M,T",DRU 500,~DRU 132,,,,,,,2s,,,,,,,,,
DCU U-034,EDCU U1 Sensor drift above tolerance,3,"DT-CU2,PM,M,T",DRU 133,,,,,,,,,,,,,,,,,
DCU U-039,EDCU U1 pseudo failure,3,"DT-CU2,PM,M,T",,,,,,,,,,,,,,,,,,
DCU U-040,EDCU U2 transmission fault,2,"DT-CU2,PM,M,T",DRU 150,CAB 900,,,,,,,10s,,,,,,,,,
DCU U-041,EDCU U2 DLS failure,3,"DT-CU2,PM,M,T",DRU 161,,,,,,,,,,,,,,,,,
DCU U-042,EDCU U2 DCS1 failure,3,"DT-CU2,PM,M,T",DRU 162,,,,,,,,,,,,,,,,,
DCU U-043,EDCU U2 DCS2 failure,3,"DT-CU2,PM,M,T",DRU 163,,,,,,,,,,,,,,,,,
DCU U-044,EDCU U2 EDCU fault,3,"DT-CU2,PM,M,T",DRU 164,,,,,,,,,,,,,,,,,
DCU U-045,EDCU U2 Motor circuit failure,3,"DT-CU2,PM,M,T",DRU 165,,,,,,,,,,,,,,,,,
DCU U-046,EDCU U2 Obstruction detection,2,"DT-CU2,PM,M,T",DRU 157,,,,,,,,,,,,,,,,,
DCU U-047,EDCU U2 Equipment fault,1,"DT-CU2,PM,M,T",DCU U-041,U,DCU U-042,U,DCU U-043 U DCU U-044,U,DCU U-045,,,,,,,,,,,
DCU U-048,EDCU U2 inconsistent between command and status(running),1,"DT-CU2,PM,M,T",DRU 921,CAB 902,~DRU 160,~DRU 182,~DRU 157,~DRU 900,,,6s,,,,,,,,,
DCU U-049,EDCU U2 inconsistent between command and status(Standstill),3,"DT-CU2,PM,M,T",DRU 921,~CAB 902,~DRU 160,~DRU 182,~DRU 157,~DRU 900,,,15s,,,,,,,,,
DCU U-050,EDCU U2 EEDR Activated,2,"DT-CU2,PM,M,T",DRU 152,,,,,,,,,,,,,,,,,
DCU U-051,EDCU U2 IEDR Activated,2,"DT-CU2,PM,M,T",DRU 151,,,,,,,,,,,,,,,,,
DCU U-052,EDCU U2 Isolate,3,"DT-CU2,PM,M,T",DRU 520,,,,,,,,,,,,,,,,,
DCU U-053,EDCU U2 Isolate Fault,3,"DT-CU2,PM,M,T",DRU 520,~DRU 182,,,,,,,2s,,,,,,,,,
DCU U-054,EDCU U2 Sensor drift above tolerance,3,"DT-CU2,PM,M,T",DRU 183,,,,,,,,,,,,,,,,,
DCU U-059,EDCU U2 pseudo failure,3,"DT-CU2,PM,M,T",,,,,,,,,,,,,,,,,,
DCU U-060,EDCU U3 transmission fault,2,"DT-CU2,PM,M,T",DRU 200,CAB 900,,,,,,,10s,,,,,,,,,
DCU U-061,EDCU U3 DLS failure,3,"DT-CU2,PM,M,T",DRU 211,,,,,,,,,,,,,,,,,
DCU U-062,EDCU U3 DCS1 failure,3,"DT-CU2,PM,M,T",DRU 212,,,,,,,,,,,,,,,,,
DCU U-063,EDCU U3 DCS2 failure,3,"DT-CU2,PM,M,T",DRU 213,,,,,,,,,,,,,,,,,
DCU U-064,EDCU U3 EDCU fault,3,"DT-CU2,PM,M,T",DRU 214,,,,,,,,,,,,,,,,,
DCU U-065,EDCU U3 Motor circuit failure,3,"DT-CU2,PM,M,T",DRU 215,,,,,,,,,,,,,,,,,
DCU U-066,EDCU U3 Obstruction detection,2,"DT-CU2,PM,M,T",DRU 207,,,,,,,,,,,,,,,,,
DCU U-067,EDCU U3 Equipment fault,1,"DT-CU2,PM,M,T",DCU U-061,U,DCU U-062,U,DCU U-063 U DCU U-064,U,DCU U-065,,,,,,,,,,,
DCU U-068,EDCU U3 inconsistent between command and status(running),1,"DT-CU2,PM,M,T",DRU 941,CAB 902,~DRU 210,~DRU 232,~DRU 207,~DRU 900,,,6s,,,,,,,,,
DCU U-069,EDCU U3 inconsistent between command and status(Standstill),3,"DT-CU2,PM,M,T",DRU 941,~CAB 902,~DRU 210,~DRU 232,~DRU 207,~DRU 900,,,15s,,,,,,,,,
DCU U-070,EDCU U3 EEDR Activated,2,"DT-CU2,PM,M,T",DRU 202,,,,,,,,,,,,,,,,,
DCU U-071,EDCU U3 IEDR Activated,2,"DT-CU2,PM,M,T",DRU 201,,,,,,,,,,,,,,,,,
DCU U-072,EDCU U3 Isolate,3,"DT-CU2,PM,M,T",DRU 540,,,,,,,,,,,,,,,,,
DCU U-073,EDCU U3 Isolate Fault,3,"DT-CU2,PM,M,T",DRU 540,~DRU 232,,,,,,,2s,,,,,,,,,
DCU U-074,EDCU U3 Sensor drift above tolerance,3,"DT-CU2,PM,M,T",DRU 233,,,,,,,,,,,,,,,,,
DCU U-079,EDCU U3 pseudo failure,3,"DT-CU2,PM,M,T",,,,,,,,,,,,,,,,,,
DCU U-080,EDCU U4 transmission fault,2,"DT-CU2,PM,M,T",DRU 250,CAB 900,,,,,,,10s,,,,,,,,,
DCU U-081,EDCU U4 DLS failure,3,"DT-CU2,PM,M,T",DRU 261,,,,,,,,,,,,,,,,,
DCU U-082,EDCU U4 DCS1 failure,3,"DT-CU2,PM,M,T",DRU 262,,,,,,,,,,,,,,,,,
DCU U-083,EDCU U4 DCS2 failure,3,"DT-CU2,PM,M,T",DRU 263,,,,,,,,,,,,,,,,,
DCU U-084,EDCU U4 EDCU fault,3,"DT-CU2,PM,M,T",DRU 264,,,,,,,,,,,,,,,,,
DCU U-085,EDCU U4 Motor circuit failure,3,"DT-CU2,PM,M,T",DRU 265,,,,,,,,,,,,,,,,,
DCU U-086,EDCU U4 Obstruction detection,2,"DT-CU2,PM,M,T",DRU 257,,,,,,,,,,,,,,,,,
DCU U-087,EDCU U4 Equipment fault,1,"DT-CU2,PM,M,T",DCU U-081,U,DCU U-082,U,DCU U-083 U DCU U-084,U,DCU U-085,,,,,,,,,,,
DCU U-088,EDCU U4 inconsistent between command and status(running),1,"DT-CU2,PM,M,T",DRU 961,CAB 902,~DRU 260,~DRU 282,~DRU 257,~DRU 900,,,6s,,,,,,,,,
DCU U-089,EDCU U4 inconsistent between command and status(Standstill),3,"DT-CU2,PM,M,T",DRU 961,~CAB 902,~DRU 260,~DRU 282,~DRU 257,~DRU 900,,,15s,,,,,,,,,
DCU U-090,EDCU U4 EEDR Activated,2,"DT-CU2,PM,M,T",DRU 252,,,,,,,,,,,,,,,,,
DCU U-091,EDCU U4 IEDR Activated,2,"DT-CU2,PM,M,T",DRU 251,,,,,,,,,,,,,,,,,
DCU U-092,EDCU U4 Isolate,3,"DT-CU2,PM,M,T",DRU 560,,,,,,,,,,,,,,,,,
DCU U-093,EDCU U4 Isolate Fault,3,"DT-CU2,PM,M,T",DRU 560,~DRU 282,,,,,,,2s,,,,,,,,,
DCU U-094,EDCU U4 Sensor drift above tolerance,3,"DT-CU2,PM,M,T",DRU 283,,,,,,,,,,,,,,,,,
DCU U-099,EDCU U4 pseudo failure,3,"DT-CU2,PM,M,T",,,,,,,,,,,,,,,,,,
DCU U-100,EDCU U5 transmission fault,2,"DT-CU2,PM,M,T",DRU 300,CAB 900,,,,,,,10s,,,,,,,,,
DCU U-101,EDCU U5 DLS failure,3,"DT-CU2,PM,M,T",DRU 311,,,,,,,,,,,,,,,,,
DCU U-102,EDCU U5 DCS1 failure,3,"DT-CU2,PM,M,T",DRU 312,,,,,,,,,,,,,,,,,
DCU U-103,EDCU U5 DCS2 failure,3,"DT-CU2,PM,M,T",DRU 313,,,,,,,,,,,,,,,,,
DCU U-104,EDCU U5 EDCU fault,3,"DT-CU2,PM,M,T",DRU 314,,,,,,,,,,,,,,,,,
DCU U-105,EDCU U5 Motor circuit failure,3,"DT-CU2,PM,M,T",DRU 315,,,,,,,,,,,,,,,,,
DCU U-106,EDCU U5 Obstruction detection,2,"DT-CU2,PM,M,T",DRU 307,,,,,,,,,,,,,,,,,
DCU U-107,EDCU U5 Equipment fault,1,"DT-CU2,PM,M,T",DCU U-101,U,DCU U-102,U,DCU U-103 U DCU U-104,U,DCU U-105,,,,,,,,,,,
DCU U-108,EDCU U5 inconsistent between command and status(running),1,"DT-CU2,PM,M,T",DRU 981,CAB 902,~DRU 280,~DRU 332,~DRU 307,~DRU 900,,,6s,,,,,,,,,
DCU U-109,EDCU U5 inconsistent between command and status(Standstill),3,"DT-CU2,PM,M,T",DRU 981,~CAB 902,~DRU 280,~DRU 332,~DRU 307,~DRU 900,,,15s,,,,,,,,,
DCU U-110,EDCU U5 EEDR Activated,2,"DT-CU2,PM,M,T",DRU 302,,,,,,,,,,,,,,,,,
DCU U-111,EDCU U5 IEDR Activated,2,"DT-CU2,PM,M,T",DRU 301,,,,,,,,,,,,,,,,,
DCU U-112,EDCU U5 Isolate,3,"DT-CU2,PM,M,T",DRU 580,,,,,,,,,,,,,,,,,
DCU U-113,EDCU U5 Isolate Fault,3,"DT-CU2,PM,M,T",DRU 580,~DRU 332,,,,,,,2s,,,,,,,,,
DCU U-114,EDCU U5 Sensor drift above tolerance,3,"DT-CU2,PM,M,T",DRU 333,,,,,,,,,,,,,,,,,
DCU U-119,EDCU U5 pseudo failure,3,"DT-CU2,PM,M,T",,,,,,,,,,,,,,,,,,
DCU D-010,DOWN Side emergency access activated,1,"DT-CU2,PM,M,T",~DRD 002,,,,,,,,,,,,,,,,,
DCU D-020,EDCU D1 transmission fault,2,"DT-CU2,PM,T",DRD 100,CAB 900,,,,,,,10s,,,,,,,,,
DCU D-021,EDCU D1 DLS failure,3,"DT-CU2,PM,T",DRD 111,,,,,,,,,,,,,,,,,
DCU D-022,EDCU D1 DCS1 failure,3,"DT-CU2,PM,T",DRD 112,,,,,,,,,,,,,,,,,
DCU D-023,EDCU D1 DCS2 failure,3,"DT-CU2,PM,T",DRD 113,,,,,,,,,,,,,,,,,
DCU D-024,EDCU D1 EDCU fault,3,"DT-CU2,PM,T",DRD 114,,,,,,,,,,,,,,,,,
DCU D-025,EDCU D1 Motor circuit failure,3,"DT-CU2,PM,T",DRD 115,,,,,,,,,,,,,,,,,
DCU D-026,EDCU D1 Obstruction detection,2,"DT-CU2,PM,T",DRD 107,,,,,,,,,,,,,,,,,
DCU D-027,EDCU D1 Equipment fault,1,"DT-CU2,PM,T",DCU D-021,U,DCU D-022,U,DCU D-023 U DCU D-024,U,DCU D-025,,,,,,,,,,,
DCU D-028,EDCU D1 inconsistent between command and status(running),1,"DT-CU2,PM,T",DRD 901,CAB 902,~DRD 110,~DRD 132,~DRD 107,~DRD 900,,,6s,,,,,,,,,
DCU D-029,EDCU D1 inconsistent between command and status(Standstill),3,"DT-CU2,PM,T",DRD 901,~CAB 902,~DRD 110,~DRD 132,~DRD 107,~DRD 900,,,15s,,,,,,,,,
DCU D-030,EDCU D1 EEDR Activated,2,"DT-CU2,PM,T",DRD 102,,,,,,,,,,,,,,,,,
DCU D-031,EDCU D1 IEDR Activated,2,"DT-CU2,PM,T",DRD 101,,,,,,,,,,,,,,,,,
DCU D-032,EDCU D1 Isolate,3,"DT-CU2,PM,T",DRD 500,,,,,,,,,,,,,,,,,
DCU D-033,EDCU D1 Isolate Fault,3,"DT-CU2,PM,T",DRD 500,~DRD 132,,,,,,,2s,,,,,,,,,
DCU D-034,EDCU D1 Sensor drift above tolerance,3,"DT-CU2,PM,T",DRD 133,,,,,,,,,,,,,,,,,
DCU D-039,EDCU D1 pseudo failure,3,"DT-CU2,PM,T",,,,,,,,,,,,,,,,,,
DCU D-040,EDCU D2 transmission fault,2,"DT-CU2,PM,M,T",DRD 150,CAB 900,,,,,,,10s,,,,,,,,,
DCU D-041,EDCU D2 DLS failure,3,"DT-CU2,PM,M,T",DRD 161,,,,,,,,,,,,,,,,,
DCU D-042,EDCU D2 DCS1 failure,3,"DT-CU2,PM,M,T",DRD 162,,,,,,,,,,,,,,,,,
DCU D-043,EDCU D2 DCS2 failure,3,"DT-CU2,PM,M,T",DRD 163,,,,,,,,,,,,,,,,,
DCU D-044,EDCU D2 EDCU fault,3,"DT-CU2,PM,M,T",DRD 164,,,,,,,,,,,,,,,,,
DCU D-045,EDCU D2 Motor circuit failure,3,"DT-CU2,PM,M,T",DRD 165,,,,,,,,,,,,,,,,,
DCU D-046,EDCU D2 Obstruction detection,2,"DT-CU2,PM,M,T",DRD 157,,,,,,,,,,,,,,,,,
DCU D-047,EDCU D2 Equipment fault,1,"DT-CU2,PM,M,T",DCU D-041,U,DCU D-042,U,DCU D-043 U DCU D-044,U,DCU D-045,,,,,,,,,,,
DCU D-048,EDCU D2 inconsistent between command and status(running),1,"DT-CU2,PM,M,T",DRD 921,CAB 902,~DRD 160,~DRD 182,~DRD 157,~DRD 900,,,6s,,,,,,,,,
DCU D-049,EDCU D2 inconsistent between command and status(Standstill),3,"DT-CU2,PM,M,T",DRD 921,~CAB 902,~DRD 160,~DRD 182,~DRD 157,~DRD 900,,,15s,,,,,,,,,
DCU D-050,EDCU D2 EEDR Activated,2,"DT-CU2,PM,M,T",DRD 152,,,,,,,,,,,,,,,,,
DCU D-051,EDCU D2 IEDR Activated,2,"DT-CU2,PM,M,T",DRD 151,,,,,,,,,,,,,,,,,
DCU D-052,EDCU D2 Isolate,3,"DT-CU2,PM,M,T",DRD 520,,,,,,,,,,,,,,,,,
DCU D-053,EDCU D2 Isolate Fault,3,"DT-CU2,PM,M,T",DRD 520,~DRD 182,,,,,,,2s,,,,,,,,,
DCU D-054,EDCU D2 Sensor drift above tolerance,3,"DT-CU2,PM,M,T",DRD 183,,,,,,,,,,,,,,,,,
DCU D-059,EDCU D2 pseudo failure,3,"DT-CU2,PM,M,T",,,,,,,,,,,,,,,,,,
DCU D-060,EDCU D3 transmission fault,2,"DT-CU2,PM,M,T",DRD 200,CAB 900,,,,,,,10s,,,,,,,,,
DCU D-061,EDCU D3 DLS failure,3,"DT-CU2,PM,M,T",DRD 211,,,,,,,,,,,,,,,,,
DCU D-062,EDCU D3 DCS1 failure,3,"DT-CU2,PM,M,T",DRD 212,,,,,,,,,,,,,,,,,
DCU D-063,EDCU D3 DCS2 failure,3,"DT-CU2,PM,M,T",DRD 213,,,,,,,,,,,,,,,,,
DCU D-064,EDCU D3 EDCU fault,3,"DT-CU2,PM,M,T",DRD 214,,,,,,,,,,,,,,,,,
DCU D-065,EDCU D3 Motor circuit failure,3,"DT-CU2,PM,M,T",DRD 215,,,,,,,,,,,,,,,,,
DCU D-066,EDCU D3 Obstruction detection,2,"DT-CU2,PM,M,T",DRD 207,,,,,,,,,,,,,,,,,
DCU D-067,EDCU D3 Equipment fault,1,"DT-CU2,PM,M,T",DCU D-061,U,DCU D-062,U,DCU D-063 U DCU D-064,U,DCU D-065,,,,,,,,,,,
DCU D-068,EDCU D3 inconsistent between command and status(running),1,"DT-CU2,PM,M,T",DRD 941,CAB 902,~DRD 210,~DRD 232,~DRD 207,~DRD 900,,,6s,,,,,,,,,
DCU D-069,EDCU D3 inconsistent between command and status(Standstill),3,"DT-CU2,PM,M,T",DRD 941,~CAB 902,~DRD 210,~DRD 232,~DRD 207,~DRD 900,,,15s,,,,,,,,,
DCU D-070,EDCU D3 EEDR Activated,2,"DT-CU2,PM,M,T",DRD 202,,,,,,,,,,,,,,,,,
DCU D-071,EDCU D3 IEDR Activated,2,"DT-CU2,PM,M,T",DRD 201,,,,,,,,,,,,,,,,,
DCU D-072,EDCU D3 Isolate,3,"DT-CU2,PM,M,T",DRD 540,,,,,,,,,,,,,,,,,
DCU D-073,EDCU D3 Isolate Fault,3,"DT-CU2,PM,M,T",DRD 540,~DRD 232,,,,,,,2s,,,,,,,,,
DCU D-074,EDCU D3 Sensor drift above tolerance,3,"DT-CU2,PM,M,T",DRD 233,,,,,,,,,,,,,,,,,
DCU D-079,EDCU D3 pseudo failure,3,"DT-CU2,PM,M,T",,,,,,,,,,,,,,,,,,
DCU D-080,EDCU D4 transmission fault,2,"DT-CU2,PM,M,T",DRD 250,CAB 900,,,,,,,10s,,,,,,,,,
DCU D-081,EDCU D4 DLS failure,3,"DT-CU2,PM,M,T",DRD 261,,,,,,,,,,,,,,,,,
DCU D-082,EDCU D4 DCS1 failure,3,"DT-CU2,PM,M,T",DRD 262,,,,,,,,,,,,,,,,,
DCU D-083,EDCU D4 DCS2 failure,3,"DT-CU2,PM,M,T",DRD 263,,,,,,,,,,,,,,,,,
DCU D-084,EDCU D4 EDCU fault,3,"DT-CU2,PM,M,T",DRD 264,,,,,,,,,,,,,,,,,
DCU D-085,EDCU D4 Motor circuit failure,3,"DT-CU2,PM,M,T",DRD 265,,,,,,,,,,,,,,,,,
DCU D-086,EDCU D4 Obstruction detection,2,"DT-CU2,PM,M,T",DRD 257,,,,,,,,,,,,,,,,,
DCU D-087,EDCU D4 Equipment fault,1,"DT-CU2,PM,M,T",DCU D-081,U,DCU D-082,U,DCU D-083 U DCU D-084,U,DCU D-085,,,,,,,,,,,
DCU D-088,EDCU D4 inconsistent between command and status(running),1,"DT-CU2,PM,M,T",DRD 961,CAB 902,~DRD 260,~DRD 282,~DRD 257,~DRD 900,,,6s,,,,,,,,,
DCU D-089,EDCU D4 inconsistent between command and status(Standstill),3,"DT-CU2,PM,M,T",DRD 961,~CAB 902,~DRD 260,~DRD 282,~DRD 257,~DRD 900,,,15s,,,,,,,,,
DCU D-090,EDCU D4 EEDR Activated,2,"DT-CU2,PM,M,T",DRD 252,,,,,,,,,,,,,,,,,
DCU D-091,EDCU D4 IEDR Activated,2,"DT-CU2,PM,M,T",DRD 251,,,,,,,,,,,,,,,,,
DCU D-092,EDCU D4 Isolate,3,"DT-CU2,PM,M,T",DRD 560,,,,,,,,,,,,,,,,,
DCU D-093,EDCU D4 Isolate Fault,3,"DT-CU2,PM,M,T",DRD 560,~DRD 282,,,,,,,2s,,,,,,,,,
DCU D-094,EDCU D4 Sensor drift above tolerance,3,"DT-CU2,PM,M,T",DRD 283,,,,,,,,,,,,,,,,,
DCU D-099,EDCU D4 pseudo failure,3,"DT-CU2,PM,M,T",,,,,,,,,,,,,,,,,,
DCU D-100,EDCU D5 transmission fault,2,"DT-CU2,PM,M,T",DRD 300,CAB 900,,,,,,,10s,,,,,,,,,
DCU D-101,EDCU D5 DLS failure,3,"DT-CU2,PM,M,T",DRD 311,,,,,,,,,,,,,,,,,
DCU D-102,EDCU D5 DCS1 failure,3,"DT-CU2,PM,M,T",DRD 312,,,,,,,,,,,,,,,,,
DCU D-103,EDCU D5 DCS2 failure,3,"DT-CU2,PM,M,T",DRD 313,,,,,,,,,,,,,,,,,
DCU D-104,EDCU D5 EDCU fault,3,"DT-CU2,PM,M,T",DRD 314,,,,,,,,,,,,,,,,,
DCU D-105,EDCU D5 Motor circuit failure,3,"DT-CU2,PM,M,T",DRD 315,,,,,,,,,,,,,,,,,
DCU D-106,EDCU D5 Obstruction detection,2,"DT-CU2,PM,M,T",DRD 307,,,,,,,,,,,,,,,,,
DCU D-107,EDCU D5 Equipment fault,1,"DT-CU2,PM,M,T",DCU D-101,U,DCU D-102,U,DCU D-103 U DCU D-104,U,DCU D-105,,,,,,,,,,,
DCU D-108,EDCU D5 inconsistent between command and status(running),1,"DT-CU2,PM,M,T",DRD 981,CAB 902,~DRD 310,~DRD 332,~DRD 307,~DRD 900,,,6s,,,,,,,,,
DCU D-109,EDCU D5 inconsistent between command and status(Standstill),3,"DT-CU2,PM,M,T",DRD 981,~CAB 902,~DRD 310,~DRD 332,~DRD 307,~DRD 900,,,15s,,,,,,,,,
DCU D-110,EDCU D5 EEDR Activated,2,"DT-CU2,PM,M,T",DRD 302,,,,,,,,,,,,,,,,,
DCU D-111,EDCU D5 IEDR Activated,2,"DT-CU2,PM,M,T",DRD 301,,,,,,,,,,,,,,,,,
DCU D-112,EDCU D5 Isolate,3,"DT-CU2,PM,M,T",DRD 580,,,,,,,,,,,,,,,,,
DCU D-113,EDCU D5 Isolate Fault,3,"DT-CU2,PM,M,T",DRD 580,~DRD 332,,,,,,,2s,,,,,,,,,
DCU D-114,EDCU D5 Sensor drift above tolerance,3,"DT-CU2,PM,M,T",DRD 333,,,,,,,,,,,,,,,,,
DCU D-119,EDCU D5 pseudo failure,3,"DT-CU2,PM,M,T",,,,,,,,,,,,,,,,,,
A/C1-010,ACCB1 transmission fault,2,"DT-CU2,PM,M,T",AC1 100,CAB 102,CAB 900,,,,,,,,,,,,,,,
A/C1-011,No.1 A/C CB11 trip,3,"DT-CU2,PM,M,T",AC1 147,CAB 102,AC1 901,,,,,,,,,,,,,,,
A/C1-012,No.1 A/C CB12 trip,3,"DT-CU2,PM,M,T",AC1 148,CAB 102,AC1 901,,,,,,,,,,,,,,,
A/C1-013,No.1 A/C EFB11 trip,3,"DT-CU2,PM,M,T",AC1 149,CAB 102,AC1 901,,,,,,,,,,,,,,,
A/C1-014,No.1 A/C EFB12 trip,3,"DT-CU2,PM,M,T",AC1 150,CAB 102,AC1 901,,,,,,,,,,,,,,,
A/C1-015,No.1 A/C LFB1 trip,3,"DT-CU2,PM,M,T",AC1 151,CAB 102,AC1 901,,,,,,,,,,,,,,,
A/C1-016,"No.1 A/C FA/RA,EM damper",3,"DT-CU2,PM,M,T",AC1 153,CAB 102,AC1 901,,,,,,,,,,,,,,,
A/C1-017,No.1 A/C EF1 fault stop,3,"DT-CU2,PM,M,T",AC1 154,CAB 102,AC1 901,,,,,,,,,,,,,,,
A/C1-018,No.1 A/C EF1 EFOCR trip,3,"DT-CU2,PM,M,T",AC1 155,CAB 102,AC1 901,,,,,,,,,,,,,,,
A/C1-019,No.1 A/C EF1 INV fault,3,"DT-CU2,PM,M,T",AC1 156,CAB 102,AC1 901,,,,,,,,,,,,,,,
A/C1-020,No.1 A/C EF1 broken down,3,"DT-CU2,PM,M,T",AC1 157,CAB 102,AC1 901,,,,,,,,,,,,,,,
A/C1-021,No.1 A/C EF2 fault stop,3,"DT-CU2,PM,M,T",AC1 158,CAB 102,AC1 901,,,,,,,,,,,,,,,
A/C1-022,No.1 A/C EF2 EFOCR trip,3,"DT-CU2,PM,M,T",AC1 159,CAB 102,AC1 901,,,,,,,,,,,,,,,
A/C1-023,No.1 A/C EF2 INV fault,3,"DT-CU2,PM,M,T",AC1 160,CAB 102,AC1 901,,,,,,,,,,,,,,,
A/C1-024,No.1 A/C EF2 broken down,3,"DT-CU2,PM,M,T",AC1 161,CAB 102,AC1 901,,,,,,,,,,,,,,,
A/C1-025,No.1 A/C CF1 fault stop,3,"DT-CU2,PM,M,T",AC1 162,CAB 102,AC1 901,,,,,,,,,,,,,,,
A/C1-026,No.1 A/C CF1 CFC11 no ans.,3,"DT-CU2,PM,M,T",AC1 164,CAB 102,AC1 901,,,,,,,,,,,,,,,
A/C1-027,No.1 A/C CF1 broken down,3,"DT-CU2,PM,M,T",AC1 165,CAB 102,AC1 901,,,,,,,,,,,,,,,
A/C1-028,No.1 A/C CF2 fault stop,3,"DT-CU2,PM,M,T",AC1 166,CAB 102,AC1 901,,,,,,,,,,,,,,,
A/C1-029,No.1 A/C CF2 CFC12 no ans.,3,"DT-CU2,PM,M,T",AC1 168,CAB 102,AC1 901,,,,,,,,,,,,,,,
A/C1-030,No.1 A/C CF2 broken down,3,"DT-CU2,PM,M,T",AC1 169,CAB 102,AC1 901,,,,,,,,,,,,,,,
A/C1-031,No.1 A/C CP1 fault stop,3,"DT-CU2,PM,M,T",AC1 170,CAB 102,AC1 901,,,,,,,,,,,,,,,
A/C1-032,No.1 A/C CP1 HLPS or CTH,3,"DT-CU2,PM,M,T",AC1 171,CAB 102,AC1 901,,,,,,,,,,,,,,,
A/C1-033,No.1 A/C CP1 CC11 no ans.,3,"DT-CU2,PM,M,T",AC1 172,CAB 102,AC1 901,,,,,,,,,,,,,,,
A/C1-034,No.1 A/C CP1 broken down,3,"DT-CU2,PM,M,T",AC1 173,CAB 102,AC1 901,,,,,,,,,,,,,,,
A/C1-035,No.1 A/C CP2 fault stop,3,"DT-CU2,PM,M,T",AC1 174,CAB 102,AC1 901,,,,,,,,,,,,,,,
A/C1-036,No.1 A/C CP2 HLPS or CTH,3,"DT-CU2,PM,M,T",AC1 175,CAB 102,AC1 901,,,,,,,,,,,,,,,
A/C1-037,No.1 A/C CP2 CC12 no ans.,3,"DT-CU2,PM,M,T",AC1 176,CAB 102,AC1 901,,,,,,,,,,,,,,,
A/C1-038,No.1 A/C CP2 broken down,3,"DT-CU2,PM,M,T",AC1 177,CAB 102,AC1 901,,,,,,,,,,,,,,,
A/C1-039,No.1 A/C CP3 fault stop,3,"DT-CU2,PM,M,T",AC1 178,CAB 102,AC1 901,,,,,,,,,,,,,,,
A/C1-040,No.1 A/C CP3 HLPS or CTH,3,"DT-CU2,PM,M,T",AC1 179,CAB 102,AC1 901,,,,,,,,,,,,,,,
A/C1-041,No.1 A/C CP3 CC13 no ans.,3,"DT-CU2,PM,M,T",AC1 180,CAB 102,AC1 901,,,,,,,,,,,,,,,
A/C1-042,No.1 A/C CP3 broken down,3,"DT-CU2,PM,M,T",AC1 181,CAB 102,AC1 901,,,,,,,,,,,,,,,
A/C1-043,No.1 A/C CP4 fault stop,3,"DT-CU2,PM,M,T",AC1 182,CAB 102,AC1 901,,,,,,,,,,,,,,,
A/C1-044,No.1 A/C CP4 HLPS or CTH,3,"DT-CU2,PM,M,T",AC1 183,CAB 102,AC1 901,,,,,,,,,,,,,,,
A/C1-045,No.1 A/C CP4 CC14 no ans.,3,"DT-CU2,PM,M,T",AC1 184,CAB 102,AC1 901,,,,,,,,,,,,,,,
A/C1-046,No.1 A/C CP4 broken down,3,"DT-CU2,PM,M,T",AC1 185,CAB 102,AC1 901,,,,,,,,,,,,,,,
A/C1-047,No.1 A/C RH fault stop,3,"DT-CU2,PM,M,T",AC1 186,CAB 102,AC1 901,,,,,,,,,,,,,,,
A/C1-048,No.1 A/C RH1 no ans.,3,"DT-CU2,PM,M,T",AC1 188,CAB 102,AC1 901,,,,,,,,,,,,,,,
A/C1-049,No.1 A/C RH broken down,3,"DT-CU2,PM,M,T",AC1 189,CAB 102,AC1 901,,,,,,,,,,,,,,,
A/C1-050,No.2 A/C CB21 trip,3,"DT-CU2,PM,M,T",AC1 190,CAB 102,AC1 901,,,,,,,,,,,,,,,
A/C1-051,No.2 A/C CB22 trip,3,"DT-CU2,PM,M,T",AC1 191,CAB 102,AC1 901,,,,,,,,,,,,,,,
A/C1-052,No.2 A/C EFB21 trip,3,"DT-CU2,PM,M,T",AC1 192,CAB 102,AC1 901,,,,,,,,,,,,,,,
A/C1-053,No.2 A/C EFB22 trip,3,"DT-CU2,PM,M,T",AC1 193,CAB 102,AC1 901,,,,,,,,,,,,,,,
A/C1-054,No.2 A/C LFB2 trip,3,"DT-CU2,PM,M,T",AC1 194,CAB 102,AC1 901,,,,,,,,,,,,,,,
A/C1-055,"No.2 A/C FA/RA,EM damper",3,"DT-CU2,PM,M,T",AC1 196,CAB 102,AC1 901,,,,,,,,,,,,,,,
A/C1-056,No.2 A/C EF2 fault stop,3,"DT-CU2,PM,M,T",AC1 197,CAB 102,AC1 901,,,,,,,,,,,,,,,
A/C1-057,No.2 A/C EF2 EFOCR trip,3,"DT-CU2,PM,M,T",AC1 198,CAB 102,AC1 901,,,,,,,,,,,,,,,
A/C1-058,No.2 A/C EF1 INV fault,3,"DT-CU2,PM,M,T",AC1 199,CAB 102,AC1 901,,,,,,,,,,,,,,,
A/C1-059,No.2 A/C EF1 broken down,3,"DT-CU2,PM,M,T",AC1 200,CAB 102,AC1 901,,,,,,,,,,,,,,,
A/C1-060,No.2 A/C EF2 fault stop,3,"DT-CU2,PM,M,T",AC1 201,CAB 102,AC1 901,,,,,,,,,,,,,,,
A/C1-061,No.2 A/C EF2 EFOCR trip,3,"DT-CU2,PM,M,T",AC1 202,CAB 102,AC1 901,,,,,,,,,,,,,,,
A/C1-062,No.2 A/C EF2 INV fault,3,"DT-CU2,PM,M,T",AC1 203,CAB 102,AC1 901,,,,,,,,,,,,,,,
A/C1-063,No.2 A/C EF2 broken down,3,"DT-CU2,PM,M,T",AC1 204,CAB 102,AC1 901,,,,,,,,,,,,,,,
A/C1-064,No.2 A/C CF1 fault stop,3,"DT-CU2,PM,M,T",AC1 205,CAB 102,AC1 901,,,,,,,,,,,,,,,
A/C1-065,No.2 A/C CF1 CFC21 no ans.,3,"DT-CU2,PM,M,T",AC1 207,CAB 102,AC1 901,,,,,,,,,,,,,,,
A/C1-066,No.2 A/C CF1 broken down,3,"DT-CU2,PM,M,T",AC1 208,CAB 102,AC1 901,,,,,,,,,,,,,,,
A/C1-067,No.2 A/C CF2 fault stop,3,"DT-CU2,PM,M,T",AC1 209,CAB 102,AC1 901,,,,,,,,,,,,,,,
A/C1-068,No.2 A/C CF2 CFC22 no ans.,3,"DT-CU2,PM,M,T",AC1 211,CAB 102,AC1 901,,,,,,,,,,,,,,,
A/C1-069,No.2 A/C CF2 broken down,3,"DT-CU2,PM,M,T",AC1 212,CAB 102,AC1 901,,,,,,,,,,,,,,,
A/C1-070,No.2 A/C CP1 fault stop,3,"DT-CU2,PM,M,T",AC1 213,CAB 102,AC1 901,,,,,,,,,,,,,,,
A/C1-071,No.2 A/C CP1 HLPS or CTH,3,"DT-CU2,PM,M,T",AC1 214,CAB 102,AC1 901,,,,,,,,,,,,,,,
A/C1-072,No.2 A/C CP1 CC21 no ans.,3,"DT-CU2,PM,M,T",AC1 215,CAB 102,AC1 901,,,,,,,,,,,,,,,
A/C1-073,No.2 A/C CP1 broken down,3,"DT-CU2,PM,M,T",AC1 216,CAB 102,AC1 901,,,,,,,,,,,,,,,
A/C1-074,No.2 A/C CP2 fault stop,3,"DT-CU2,PM,M,T",AC1 217,CAB 102,AC1 901,,,,,,,,,,,,,,,
A/C1-075,No.2 A/C CP2 HLPS or CTH,3,"DT-CU2,PM,M,T",AC1 218,CAB 102,AC1 901,,,,,,,,,,,,,,,
A/C1-076,No.2 A/C CP2 CC22 no ans.,3,"DT-CU2,PM,M,T",AC1 219,CAB 102,AC1 901,,,,,,,,,,,,,,,
A/C1-077,No.2 A/C CP2 broken down,3,"DT-CU2,PM,M,T",AC1 220,CAB 102,AC1 901,,,,,,,,,,,,,,,
A/C1-078,No.2 A/C CP3 fault stop,3,"DT-CU2,PM,M,T",AC1 221,CAB 102,AC1 901,,,,,,,,,,,,,,,
A/C1-079,No.2 A/C CP3 HLPS or CTH,3,"DT-CU2,PM,M,T",AC1 222,CAB 102,AC1 901,,,,,,,,,,,,,,,
A/C1-080,No.2 A/C CP3 CC23 no ans.,3,"DT-CU2,PM,M,T",AC1 223,CAB 102,AC1 901,,,,,,,,,,,,,,,
A/C1-081,No.2 A/C CP3 broken down,3,"DT-CU2,PM,M,T",AC1 224,CAB 102,AC1 901,,,,,,,,,,,,,,,
A/C1-082,No.2 A/C CP4 fault stop,3,"DT-CU2,PM,M,T",AC1 225,CAB 102,AC1 901,,,,,,,,,,,,,,,
A/C1-083,No.2 A/C CP4 HLPS or CTH,3,"DT-CU2,PM,M,T",AC1 226,CAB 102,AC1 901,,,,,,,,,,,,,,,
A/C1-084,No.2 A/C CP4 CC24 no ans.,3,"DT-CU2,PM,M,T",AC1 227,CAB 102,AC1 901,,,,,,,,,,,,,,,
A/C1-085,No.2 A/C CP4 broken down,3,"DT-CU2,PM,M,T",AC1 228,CAB 102,AC1 901,,,,,,,,,,,,,,,
A/C1-086,No.2 A/C RH fault stop,3,"DT-CU2,PM,M,T",AC1 229,CAB 102,AC1 901,,,,,,,,,,,,,,,
A/C1-087,No.2 A/C RHC2 no ans.,3,"DT-CU2,PM,M,T",AC1 231,CAB 102,AC1 901,,,,,,,,,,,,,,,
A/C1-088,No.2 A/C RH broken down,3,"DT-CU2,PM,M,T",AC1 232,CAB 102,AC1 901,,,,,,,,,,,,,,,
A/C1-089,A/C RA sensor fault,3,"DT-CU2,PM,M,T",AC1 233,CAB 102,AC1 901,,,,,,,,,,,,,,,
A/C1-090,A/C wall sensor fault,3,"DT-CU2,PM,M,T",AC1 234,CAB 102,AC1 901,,,,,,,,,,,,,,,
A/C1-091,A/C Humidity sensor fault,3,"DT-CU2,PM,M,T",AC1 235,CAB 102,AC1 901,,,,,,,,,,,,,,,
A/C1-092,No.1 A/C Line fans fault stop,3,"DT-CU2,PM,M,T",AC1 244,CAB 102,AC1 901,,,,,,,,,,,,,,,
A/C1-093,No.1 A/C LDC1 No ans.,3,"DT-CU2,PM,M,T",AC1 245,CAB 102,AC1 901,,,,,,,,,,,,,,,
A/C1-094,No.1 A/C LDC1 broken down,3,"DT-CU2,PM,M,T",AC1 246,CAB 102,AC1 901,,,,,,,,,,,,,,,
A/C1-095,No.2 A/C Line fans fault stop,3,"DT-CU2,PM,M,T",AC1 247,CAB 102,AC1 901,,,,,,,,,,,,,,,
A/C1-096,No.2 A/C LDC2 No ans.,3,"DT-CU2,PM,M,T",AC1 248,CAB 102,AC1 901,,,,,,,,,,,,,,,
A/C1-097,No.2 A/C LDC2 broken down,3,"DT-CU2,PM,M,T",AC1 249,CAB 102,AC1 901,,,,,,,,,,,,,,,
A/C1-098,A/C Ventilation damper fault,2,"DT-CU2,PM,M,T",AC1 250,CAB 102,AC1 901,,,,,,,,,,,,,,,
A/C1-099,A/C Emergency Exhaust damper fault,2,"DT-CU2,PM,M,T",AC1 251,CAB 102,AC1 901,,,,,,,,,,,,,,,
A/C1-100,No.1 A/C Fault,2,"DT-CU2,PM,M,T",AC1 902,CAB 102,AC1 901,,,,,,,,,,,,,,,
A/C1-101,No.2 A/C Fault,2,"DT-CU2,PM,M,T",AC1 903,CAB 102,AC1 901,,,,,,,,,,,,,,,
A/C1 102,A/C Sensor Fault,3,"DT-CU2,PM,M,T",AC1 233,U,AC1 234,CAB 102,AC1 901,,,,,,,,,,,,,
A/C1-103,No.1 & No.2 A/C Fault,2,"DT-CU2,PM,M,T",A/C1-100,A/C1-101,,,,,,,,,,,,,,,,
A/C2-010,ACCB2 transmission fault,2,"DT-CU2,PM,M,T",AC2 100,CAB 102,CAB 900,,,,,,10s,,,,,,,,,
A/C2-011,No.1 A/C CB11 trip,3,"DT-CU2,PM,M,T",AC2 147,CAB 102,AC2 901,,,,,,,,,,,,,,,
A/C2-012,No.1 A/C CB12 trip,3,"DT-CU2,PM,M,T",AC2 148,CAB 102,AC2 901,,,,,,,,,,,,,,,
A/C2-013,No.1 A/C EFB11 trip,3,"DT-CU2,PM,M,T",AC2 149,CAB 102,AC2 901,,,,,,,,,,,,,,,
A/C2-014,No.1 A/C EFB12 trip,3,"DT-CU2,PM,M,T",AC2 150,CAB 102,AC2 901,,,,,,,,,,,,,,,
A/C2-015,No.1 A/C LFB1 trip,3,"DT-CU2,PM,M,T",AC2 151,CAB 102,AC2 901,,,,,,,,,,,,,,,
A/C2-016,"No.1 A/C FA/RA,EM damper",3,"DT-CU2,PM,M,T",AC2 153,CAB 102,AC2 901,,,,,,,,,,,,,,,
A/C2-017,No.1 A/C EF1 fault stop,3,"DT-CU2,PM,M,T",AC2 154,CAB 102,AC2 901,,,,,,,,,,,,,,,
A/C2-018,No.1 A/C EF1 EFOCR trip,3,"DT-CU2,PM,M,T",AC2 155,CAB 102,AC2 901,,,,,,,,,,,,,,,
A/C2-019,No.1 A/C EF1 INV fault,3,"DT-CU2,PM,M,T",AC2 156,CAB 102,AC2 901,,,,,,,,,,,,,,,
A/C2-020,No.1 A/C EF1 broken down,3,"DT-CU2,PM,M,T",AC2 157,CAB 102,AC2 901,,,,,,,,,,,,,,,
A/C2-021,No.1 A/C EF2 fault stop,3,"DT-CU2,PM,M,T",AC2 158,CAB 102,AC2 901,,,,,,,,,,,,,,,
A/C2-022,No.1 A/C EF2 EFOCR trip,3,"DT-CU2,PM,M,T",AC2 159,CAB 102,AC2 901,,,,,,,,,,,,,,,
A/C2-023,No.1 A/C EF2 INV fault,3,"DT-CU2,PM,M,T",AC2 160,CAB 102,AC2 901,,,,,,,,,,,,,,,
A/C2-024,No.1 A/C EF2 broken down,3,"DT-CU2,PM,M,T",AC2 161,CAB 102,AC2 901,,,,,,,,,,,,,,,
A/C2-025,No.1 A/C CF1 fault stop,3,"DT-CU2,PM,M,T",AC2 162,CAB 102,AC2 901,,,,,,,,,,,,,,,
A/C2-026,No.1 A/C CF1 CFC11 no ans.,3,"DT-CU2,PM,M,T",AC2 164,CAB 102,AC2 901,,,,,,,,,,,,,,,
A/C2-027,No.1 A/C CF1 broken down,3,"DT-CU2,PM,M,T",AC2 165,CAB 102,AC2 901,,,,,,,,,,,,,,,
A/C2-028,No.1 A/C CF2 fault stop,3,"DT-CU2,PM,M,T",AC2 166,CAB 102,AC2 901,,,,,,,,,,,,,,,
A/C2-029,No.1 A/C CF2 CFC12 no ans.,3,"DT-CU2,PM,M,T",AC2 168,CAB 102,AC2 901,,,,,,,,,,,,,,,
A/C2-030,No.1 A/C CF2 broken down,3,"DT-CU2,PM,M,T",AC2 169,CAB 102,AC2 901,,,,,,,,,,,,,,,
A/C2-031,No.1 A/C CP1 fault stop,3,"DT-CU2,PM,M,T",AC2 170,CAB 102,AC2 901,,,,,,,,,,,,,,,
A/C2-032,No.1 A/C CP1 HLPS or CTH,3,"DT-CU2,PM,M,T",AC2 171,CAB 102,AC2 901,,,,,,,,,,,,,,,
A/C2-033,No.1 A/C CP1 CC11 no ans.,3,"DT-CU2,PM,M,T",AC2 172,CAB 102,AC2 901,,,,,,,,,,,,,,,
A/C2-034,No.1 A/C CP1 broken down,3,"DT-CU2,PM,M,T",AC2 173,CAB 102,AC2 901,,,,,,,,,,,,,,,
A/C2-035,No.1 A/C CP2 fault stop,3,"DT-CU2,PM,M,T",AC2 174,CAB 102,AC2 901,,,,,,,,,,,,,,,
A/C2-036,No.1 A/C CP2 HLPS or CTH,3,"DT-CU2,PM,M,T",AC2 175,CAB 102,AC2 901,,,,,,,,,,,,,,,
A/C2-037,No.1 A/C CP2 CC12 no ans.,3,"DT-CU2,PM,M,T",AC2 176,CAB 102,AC2 901,,,,,,,,,,,,,,,
A/C2-038,No.1 A/C CP2 broken down,3,"DT-CU2,PM,M,T",AC2 177,CAB 102,AC2 901,,,,,,,,,,,,,,,
A/C2-039,No.1 A/C CP3 fault stop,3,"DT-CU2,PM,M,T",AC2 178,CAB 102,AC2 901,,,,,,,,,,,,,,,
A/C2-040,No.1 A/C CP3 HLPS or CTH,3,"DT-CU2,PM,M,T",AC2 179,CAB 102,AC2 901,,,,,,,,,,,,,,,
A/C2-041,No.1 A/C CP3 CC13 no ans.,3,"DT-CU2,PM,M,T",AC2 180,CAB 102,AC2 901,,,,,,,,,,,,,,,
A/C2-042,No.1 A/C CP3 broken down,3,"DT-CU2,PM,M,T",AC2 181,CAB 102,AC2 901,,,,,,,,,,,,,,,
A/C2-043,No.1 A/C CP4 fault stop,3,"DT-CU2,PM,M,T",AC2 182,CAB 102,AC2 901,,,,,,,,,,,,,,,
A/C2-044,No.1 A/C CP4 HLPS or CTH,3,"DT-CU2,PM,M,T",AC2 183,CAB 102,AC2 901,,,,,,,,,,,,,,,
A/C2-045,No.1 A/C CP4 CC14 no ans.,3,"DT-CU2,PM,M,T",AC2 184,CAB 102,AC2 901,,,,,,,,,,,,,,,
A/C2-046,No.1 A/C CP4 broken down,3,"DT-CU2,PM,M,T",AC2 185,CAB 102,AC2 901,,,,,,,,,,,,,,,
A/C2-047,No.1 A/C RH fault stop,3,"DT-CU2,PM,M,T",AC2 186,CAB 102,AC2 901,,,,,,,,,,,,,,,
A/C2-048,No.1 A/C RH1 no ans.,3,"DT-CU2,PM,M,T",AC2 188,CAB 102,AC2 901,,,,,,,,,,,,,,,
A/C2-049,No.1 A/C RH broken down,3,"DT-CU2,PM,M,T",AC2 189,CAB 102,AC2 901,,,,,,,,,,,,,,,
A/C2-050,No.2 A/C CB21 trip,3,"DT-CU2,PM,M,T",AC2 190,CAB 102,AC2 901,,,,,,,,,,,,,,,
A/C2-051,No.2 A/C CB22 trip,3,"DT-CU2,PM,M,T",AC2 191,CAB 102,AC2 901,,,,,,,,,,,,,,,
A/C2-052,No.2 A/C EFB21 trip,3,"DT-CU2,PM,M,T",AC2 192,CAB 102,AC2 901,,,,,,,,,,,,,,,
A/C2-053,No.2 A/C EFB22 trip,3,"DT-CU2,PM,M,T",AC2 193,CAB 102,AC2 901,,,,,,,,,,,,,,,
A/C2-054,No.2 A/C LFB2 trip,3,"DT-CU2,PM,M,T",AC2 194,CAB 102,AC2 901,,,,,,,,,,,,,,,
A/C2-055,"No.2 A/C FA/RA,EM damper",3,"DT-CU2,PM,M,T",AC2 196,CAB 102,AC2 901,,,,,,,,,,,,,,,
A/C2-056,No.2 A/C EF2 fault stop,3,"DT-CU2,PM,M,T",AC2 197,CAB 102,AC2 901,,,,,,,,,,,,,,,
A/C2-057,No.2 A/C EF2 EFOCR trip,3,"DT-CU2,PM,M,T",AC2 198,CAB 102,AC2 901,,,,,,,,,,,,,,,
A/C2-058,No.2 A/C EF1 INV fault,3,"DT-CU2,PM,M,T",AC2 199,CAB 102,AC2 901,,,,,,,,,,,,,,,
A/C2-059,No.2 A/C EF1 broken down,3,"DT-CU2,PM,M,T",AC2 200,CAB 102,AC2 901,,,,,,,,,,,,,,,
A/C2-060,No.2 A/C EF2 fault stop,3,"DT-CU2,PM,M,T",AC2 201,CAB 102,AC2 901,,,,,,,,,,,,,,,
A/C2-061,No.2 A/C EF2 EFOCR trip,3,"DT-CU2,PM,M,T",AC2 202,CAB 102,AC2 901,,,,,,,,,,,,,,,
A/C2-062,No.2 A/C EF2 INV fault,3,"DT-CU2,PM,M,T",AC2 203,CAB 102,AC2 901,,,,,,,,,,,,,,,
A/C2-063,No.2 A/C EF2 broken down,3,"DT-CU2,PM,M,T",AC2 204,CAB 102,AC2 901,,,,,,,,,,,,,,,
A/C2-064,No.2 A/C CF1 fault stop,3,"DT-CU2,PM,M,T",AC2 205,CAB 102,AC2 901,,,,,,,,,,,,,,,
A/C2-065,No.2 A/C CF1 CFC21 no ans.,3,"DT-CU2,PM,M,T",AC2 207,CAB 102,AC2 901,,,,,,,,,,,,,,,
A/C2-066,No.2 A/C CF1 broken down,3,"DT-CU2,PM,M,T",AC2 208,CAB 102,AC2 901,,,,,,,,,,,,,,,
A/C2-067,No.2 A/C CF2 fault stop,3,"DT-CU2,PM,M,T",AC2 209,CAB 102,AC2 901,,,,,,,,,,,,,,,
A/C2-068,No.2 A/C CF2 CFC22 no ans.,3,"DT-CU2,PM,M,T",AC2 211,CAB 102,AC2 901,,,,,,,,,,,,,,,
A/C2-069,No.2 A/C CF2 broken down,3,"DT-CU2,PM,M,T",AC2 212,CAB 102,AC2 901,,,,,,,,,,,,,,,
A/C2-070,No.2 A/C CP1 fault stop,3,"DT-CU2,PM,M,T",AC2 213,CAB 102,AC2 901,,,,,,,,,,,,,,,
A/C2-071,No.2 A/C CP1 HLPS or CTH,3,"DT-CU2,PM,M,T",AC2 214,CAB 102,AC2 901,,,,,,,,,,,,,,,
A/C2-072,No.2 A/C CP1 CC21 no ans.,3,"DT-CU2,PM,M,T",AC2 215,CAB 102,AC2 901,,,,,,,,,,,,,,,
A/C2-073,No.2 A/C CP1 broken down,3,"DT-CU2,PM,M,T",AC2 216,CAB 102,AC2 901,,,,,,,,,,,,,,,
A/C2-074,No.2 A/C CP2 fault stop,3,"DT-CU2,PM,M,T",AC2 217,CAB 102,AC2 901,,,,,,,,,,,,,,,
A/C2-075,No.2 A/C CP2 HLPS or CTH,3,"DT-CU2,PM,M,T",AC2 218,CAB 102,AC2 901,,,,,,,,,,,,,,,
A/C2-076,No.2 A/C CP2 CC22 no ans.,3,"DT-CU2,PM,M,T",AC2 219,CAB 102,AC2 901,,,,,,,,,,,,,,,
A/C2-077,No.2 A/C CP2 broken down,3,"DT-CU2,PM,M,T",AC2 220,CAB 102,AC2 901,,,,,,,,,,,,,,,
A/C2-078,No.2 A/C CP3 fault stop,3,"DT-CU2,PM,M,T",AC2 221,CAB 102,AC2 901,,,,,,,,,,,,,,,
A/C2-079,No.2 A/C CP3 HLPS or CTH,3,"DT-CU2,PM,M,T",AC2 222,CAB 102,AC2 901,,,,,,,,,,,,,,,
A/C2-080,No.2 A/C CP3 CC23 no ans.,3,"DT-CU2,PM,M,T",AC2 223,CAB 102,AC2 901,,,,,,,,,,,,,,,
A/C2-081,No.2 A/C CP3 broken down,3,"DT-CU2,PM,M,T",AC2 224,CAB 102,AC2 901,,,,,,,,,,,,,,,
A/C2-082,No.2 A/C CP4 fault stop,3,"DT-CU2,PM,M,T",AC2 225,CAB 102,AC2 901,,,,,,,,,,,,,,,
A/C2-083,No.2 A/C CP4 HLPS or CTH,3,"DT-CU2,PM,M,T",AC2 226,CAB 102,AC2 901,,,,,,,,,,,,,,,
A/C2-084,No.2 A/C CP4 CC24 no ans.,3,"DT-CU2,PM,M,T",AC2 227,CAB 102,AC2 901,,,,,,,,,,,,,,,
A/C2-085,No.2 A/C CP4 broken down,3,"DT-CU2,PM,M,T",AC2 228,CAB 102,AC2 901,,,,,,,,,,,,,,,
A/C2-086,No.2 A/C RH fault stop,3,"DT-CU2,PM,M,T",AC2 229,CAB 102,AC2 901,,,,,,,,,,,,,,,
A/C2-087,No.2 A/C RHC2 no ans.,3,"DT-CU2,PM,M,T",AC2 231,CAB 102,AC2 901,,,,,,,,,,,,,,,
A/C2-088,No.2 A/C RH broken down,3,"DT-CU2,PM,M,T",AC2 232,CAB 102,AC2 901,,,,,,,,,,,,,,,
A/C2-089,A/C RA sensor fault,3,"DT-CU2,PM,M,T",AC2 233,CAB 102,AC2 901,,,,,,,,,,,,,,,
A/C2-090,A/C wall sensor fault,3,"DT-CU2,PM,M,T",AC2 234,CAB 102,AC2 901,,,,,,,,,,,,,,,
A/C2-091,A/C Humidity sensor fault,3,"DT-CU2,PM,M,T",AC2 235,CAB 102,AC2 901,,,,,,,,,,,,,,,
A/C2-092,No.1 A/C Line fans fault stop,3,"DT-CU2,PM,M,T",AC2 244,CAB 102,AC2 901,,,,,,,,,,,,,,,
A/C2-093,No.1 A/C LDC1 No ans.,3,"DT-CU2,PM,M,T",AC2 245,CAB 102,AC2 901,,,,,,,,,,,,,,,
A/C2-094,No.1 A/C LDC1 broken down,3,"DT-CU2,PM,M,T",AC2 246,CAB 102,AC2 901,,,,,,,,,,,,,,,
A/C2-095,No.2 A/C Line fans fault stop,3,"DT-CU2,PM,M,T",AC2 247,CAB 102,AC2 901,,,,,,,,,,,,,,,
A/C2-096,No.2 A/C LDC2 No ans.,3,"DT-CU2,PM,M,T",AC2 248,CAB 102,AC2 901,,,,,,,,,,,,,,,
A/C2-097,No.2 A/C LDC2 broken down,3,"DT-CU2,PM,M,T",AC2 249,CAB 102,AC2 901,,,,,,,,,,,,,,,
A/C2-098,A/C Ventilation damper fault,2,"DT-CU2,PM,M,T",AC2 250,CAB 102,AC2 901,,,,,,,,,,,,,,,
A/C2-099,A/C Emergency Exhaust damper fault,2,"DT-CU2,PM,M,T",AC2 251,CAB 102,AC2 901,,,,,,,,,,,,,,,
A/C2-100,No.1 A/C Fault,2,"DT-CU2,PM,M,T",AC2 902,CAB 102,AC2 901,,,,,,,,,,,,,,,
A/C2-101,No.2 A/C Fault,2,"DT-CU2,PM,M,T",AC2 903,CAB 102,AC2 901,,,,,,,,,,,,,,,
A/C2 102,A/C Sensor Fault,3,"DT-CU2,PM,M,T",AC2 233,U,AC2 234,CAB 102,AC2 901,,,,,,,,,,,,,
A/C2-103,No.1 & No.2 A/C Fault,2,"DT-CU2,PM,M,T",A/C2-100,A/C2-101,,,,,,,,,,,,,,,,
A/C1-500,Both ACCB control failure,2,"DT-CU2,PM,M,T",AC 900,AC 901,CAB 102,,,,,,3s,,,,,,,,,
COM-000,,,,,,,,,,,,,,,,,,,,,
COM-015,ICP fault,1,DT-CU1,COM 012,,,,,,,,,,,,,,,,,
COM-020,TR transmission fault,2,DT-CU1,COM 100,CAB 900,,,,,,,10s,,,,,,,,,
COM-021,TR transmitter synthesizer failure,2,DT-CU1,COM 102,COM 500,,,,,,,,,,,,,,,,
COM-022,TR transmission power failure,2,DT-CU1,COM 103,COM 500,,,,,,,,,,,,,,,,
COM-023,,,,,,,,,,,,,,,,,,,,,
COM-025,Both TR Transmission fault,2,DT-CU1,COM 900,CAB 147,,,,,,,,,,,,,,,,
COM-040,Analog DID1 transmission fault(CU1) A,3,DT-CU1,DID 100,CAB 900,,,,,,,10s,,,,,,,,,
COM-041,Analog DID1 No response(CU1) A,3,DT-CU1,DID 902,CAB 900,,,,,,,,,,,,,,,,
COM-042,Analog DID1 NAK(CU1) A,3,DT-CU1,DID 903,CAB 900,,,,,,,,,,,,,,,,
COM-043,Analog DID1 Parity error(CU1) A,3,DT-CU1,DID 904,CAB 900,,,,,,,,,,,,,,,,
COM-044,Analog DID1 BCC error(CU1) A,3,DT-CU1,DID 905,CAB 900,,,,,,,,,,,,,,,,
COM-045,Analog DID1 Time Out(CU1) A,3,DT-CU1,DID 906,CAB 900,,,,,,,,,,,,,,,,
COM-046,Analog DID1 LCD Power Supply(CU1) A,3,DT-CU1,DID 110,,,,,,,,,,,,,,,,,
COM-048,Analog DID1 IC Error(CU1) A,3,DT-CU1,DID 112,,,,,,,,,,,,,,,,,
COM-049,Analog DID1 channel select mismatch(CU1) A,3,DT-CU1,DID 901,,,,,,,,3s,,,,,,,,,
COM-050,Analog DID1 transmission fault(CU2) A,3,DT-CU2,DID 100,CAB 900,,,,,,,10s,,,,,,,,,
COM-051,Analog DID1 No response(CU2) A,3,DT-CU2,DID 902,CAB 900,,,,,,,,,,,,,,,,
COM-052,Analog DID1 NAK(CU2) A,3,DT-CU2,DID 903,CAB 900,,,,,,,,,,,,,,,,
COM-053,Analog DID1 Parity error(CU2) A,3,DT-CU2,DID 904,CAB 900,,,,,,,,,,,,,,,,
COM-054,Analog DID1 BCC error(CU2) A,3,DT-CU2,DID 905,CAB 900,,,,,,,,,,,,,,,,
COM-055,Analog DID1 Time Out(CU2) A,3,DT-CU2,DID 906,CAB 900,,,,,,,,,,,,,,,,
COM-056,Analog DID1 LCD Power Supply(CU2) A,3,DT-CU2,DID 110,,,,,,,,,,,,,,,,,
COM-058,Analog DID1 IC Error(CU2) A,3,DT-CU2,DID 112,,,,,,,,,,,,,,,,,
COM-059,Analog DID1 channel select mismatch(CU2) A,3,DT-CU2,DID 901,,,,,,,,3s,,,,,,,,,
COM-060,Analog DID2 transmission fault(CU1) A,3,DT-CU1,DID 150,CAB 900,,,,,,,10s,,,,,,,,,
COM-061,Analog DID2 No response(CU1) A,3,DT-CU1,DID 927,CAB 900,,,,,,,,,,,,,,,,
COM-062,Analog DID2 NAK(CU1) A,3,DT-CU1,DID 928,CAB 900,,,,,,,,,,,,,,,,
COM-063,Analog DID2 Parity error(CU1) A,3,DT-CU1,DID 929,CAB 900,,,,,,,,,,,,,,,,
COM-064,Analog DID2 BCC error(CU1) A,3,DT-CU1,DID 930,CAB 900,,,,,,,,,,,,,,,,
COM-065,Analog DID2 Time Out(CU1) A,3,DT-CU1,DID 931,CAB 900,,,,,,,,,,,,,,,,
COM-066,Analog DID2 LCD Power Supply(CU1) A,3,DT-CU1,DID 160,,,,,,,,,,,,,,,,,
COM-068,Analog DID2 IC Error(CU1) A,3,DT-CU1,DID 162,,,,,,,,,,,,,,,,,
COM-069,Analog DID2 channel select mismatch(CU1) A,3,DT-CU1,DID 926,,,,,,,,3s,,,,,,,,,
COM-070,Analog DID2 transmission fault(CU2) A,3,DT-CU2,DID 150,CAB 900,,,,,,,10s,,,,,,,,,
COM-071,Analog DID2 No response(CU2) A,3,DT-CU2,DID 927,CAB 900,,,,,,,,,,,,,,,,
COM-072,Analog DID2 NAK(CU2) A,3,DT-CU2,DID 928,CAB 900,,,,,,,,,,,,,,,,
COM-073,Analog DID2 Parity error(CU2) A,3,DT-CU2,DID 929,CAB 900,,,,,,,,,,,,,,,,
COM-074,Analog DID2 BCC error(CU2) A,3,DT-CU2,DID 930,CAB 900,,,,,,,,,,,,,,,,
COM-075,Analog DID2 Time Out(CU2) A,3,DT-CU2,DID 931,CAB 900,,,,,,,,,,,,,,,,
COM-076,Analog DID2 LCD Power Supply(CU2) A,3,DT-CU2,DID 160,,,,,,,,,,,,,,,,,
COM-078,Analog DID2 IC Error(CU2) A,3,DT-CU2,DID 162,,,,,,,,,,,,,,,,,
COM-079,Analog DID2 channel select mismatch(CU2) A,3,DT-CU2,DID 926,,,,,,,,3s,,,,,,,,,
MC-000,,,,,,,,,,,,,,,,,,,,,
MC-010,NMC transmission fault,3,DT-CU1,MC 100,CAB 103,CAB 900,,,,,,10s,,,,,,,,,
MC-011,NMC CPU Error,3,DT-CU1,MC 108,CAB 103,,,,,,,,,,,,,,,,
MC-012,NMC HDD Read Error,3,DT-CU1,MC 109,CAB 103,,,,,,,,,,,,,,,,
MC-013,NMC Peripheral H/W Error1,3,DT-CU1,MC 110,CAB 103,,,,,,,,,,,,,,,,
MC-014,NMC Contents Error,3,DT-CU1,MC 111,CAB 103,,,,,,,,,,,,,,,,
MC-015,NMC Display Log Error,3,DT-CU1,MC 112,CAB 103,,,,,,,,,,,,,,,,
MC-016,NMC Script Error,3,DT-CU1,MC 113,CAB 103,,,,,,,,,,,,,,,,
MC-017,NMC Peripheral H/W Error2,3,DT-CU1,MC 114,CAB 103,,,,,,,,,,,,,,,,
MC-018,NMC Route Code Error,3,DT-CU1,MC 119,CAB 103,CEN 765,~CEN 764,,,,,,,,,,,,,,
MC-019,NMC Station Code Error,3,DT-CU1,MC 120,CAB 103,CEN 765,~CEN 764,,,,,,,,,,,,,,
MC-020,,,,,,,,,,,,,,,,,,,,,
MC-021,Both NMC not active,2,DT-CU1,MC 901,CAB 103,CAB 147,,,,,,10s,,,,,,,,,
MC-022,Both NMC transmission fault,2,DT-CU1,MC 900,CAB 103,CAB 147,,,,,,,,,,,,,,,
PID-010,Analog PID1 transmission fault A,3,"DT-CU2,PM,M,T",PID 100,CAB 900,,,,,,,10s,,,,,,,,,
PID-011,Analog PID1 No response A,3,"DT-CU2,PM,M,T",PID 902,CAB 900,,,,,,,,,,,,,,,,
PID-012,Analog PID1 NAK A,3,"DT-CU2,PM,M,T",PID 903,CAB 900,,,,,,,,,,,,,,,,
PID-013,Analog PID1 Parity error A,3,"DT-CU2,PM,M,T",PID 904,CAB 900,,,,,,,,,,,,,,,,
PID-014,Analog PID1 BCC error A,3,"DT-CU2,PM,M,T",PID 905,CAB 900,,,,,,,,,,,,,,,,
PID-015,Analog PID1 Time Out A,3,"DT-CU2,PM,M,T",PID 906,CAB 900,,,,,,,,,,,,,,,,
PID-016,Analog PID1 LCD Power Supply A,3,"DT-CU2,PM,M,T",PID 110,,,,,,,,,,,,,,,,,
PID-018,Analog PID1 IC Error A,3,"DT-CU2,PM,M,T",PID 112,,,,,,,,,,,,,,,,,
PID-019,Analog PID1 channel select mismatch A,3,"DT-CU2,PM,M,T",PID 901,,,,,,,,5s,,,,,,,,,
PID-030,Analog PID2 transmission fault A,3,"DT-CU2,PM,M,T",PID 150,CAB 900,,,,,,,10s,,,,,,,,,
PID-031,Analog PID2 No response A,3,"DT-CU2,PM,M,T",PID 917,CAB 900,,,,,,,,,,,,,,,,
PID-032,Analog PID2 NAK A,3,"DT-CU2,PM,M,T",PID 918,CAB 900,,,,,,,,,,,,,,,,
PID-033,Analog PID2 Parity error A,3,"DT-CU2,PM,M,T",PID 919,CAB 900,,,,,,,,,,,,,,,,
PID-034,Analog PID2 BCC error A,3,"DT-CU2,PM,M,T",PID 920,CAB 900,,,,,,,,,,,,,,,,
PID-035,Analog PID2 Time Out A,3,"DT-CU2,PM,M,T",PID 921,CAB 900,,,,,,,,,,,,,,,,
PID-036,Analog PID2 LCD Power Supply A,3,"DT-CU2,PM,M,T",PID 160,,,,,,,,,,,,,,,,,
PID-038,Analog PID2 IC Error A,3,"DT-CU2,PM,M,T",PID 162,,,,,,,,,,,,,,,,,
PID-039,Analog PID2 channel select mismatch A,3,"DT-CU2,PM,M,T",PID 916,,,,,,,,5s,,,,,,,,,
PID-050,Analog PID3 transmission fault A,3,"DT-CU2,PM,M,T",PID 200,CAB 900,,,,,,,10s,,,,,,,,,
PID-051,Analog PID3 No response A,3,"DT-CU2,PM,M,T",PID 932,CAB 900,,,,,,,,,,,,,,,,
PID-052,Analog PID3 NAK A,3,"DT-CU2,PM,M,T",PID 933,CAB 900,,,,,,,,,,,,,,,,
PID-053,Analog PID3 Parity error A,3,"DT-CU2,PM,M,T",PID 934,CAB 900,,,,,,,,,,,,,,,,
PID-054,Analog PID3 BCC error A,3,"DT-CU2,PM,M,T",PID 935,CAB 900,,,,,,,,,,,,,,,,
PID-055,Analog PID3 Time Out A,3,"DT-CU2,PM,M,T",PID 936,CAB 900,,,,,,,,,,,,,,,,
PID-056,Analog PID3 LCD Power Supply A,3,"DT-CU2,PM,M,T",PID 210,,,,,,,,,,,,,,,,,
PID-058,Analog PID3 IC Error A,3,"DT-CU2,PM,M,T",PID 212,,,,,,,,,,,,,,,,,
PID-059,Analog PID3 channel select mismatch A,3,"DT-CU2,PM,M,T",PID 931,,,,,,,,5s,,,,,,,,,
PID-070,Analog PID4 transmission fault A,3,"DT-CU2,PM,M,T",PID 250,CAB 900,,,,,,,10s,,,,,,,,,
PID-071,Analog PID4 No response A,3,"DT-CU2,PM,M,T",PID 947,CAB 900,,,,,,,,,,,,,,,,
PID-072,Analog PID4 NAK A,3,"DT-CU2,PM,M,T",PID 948,CAB 900,,,,,,,,,,,,,,,,
PID-073,Analog PID4 Parity error A,3,"DT-CU2,PM,M,T",PID 949,CAB 900,,,,,,,,,,,,,,,,
PID-074,Analog PID4 BCC error A,3,"DT-CU2,PM,M,T",PID 950,CAB 900,,,,,,,,,,,,,,,,
PID-075,Analog PID4 Time Out A,3,"DT-CU2,PM,M,T",PID 951,CAB 900,,,,,,,,,,,,,,,,
PID-076,Analog PID4 LCD Power Supply A,3,"DT-CU2,PM,M,T",PID 260,,,,,,,,,,,,,,,,,
PID-078,Analog PID4 IC Error A,3,"DT-CU2,PM,M,T",PID 262,,,,,,,,,,,,,,,,,
PID-079,Analog PID4 channel select mismatch A,3,"DT-CU2,PM,M,T",PID 946,,,,,,,,5s,,,,,,,,,
PID-090,Analog PID5 transmission fault A,3,"DT-CU2,PM,M,T",PID 300,CAB 900,,,,,,,10s,,,,,,,,,
PID-091,Analog PID5 No response A,3,"DT-CU2,PM,M,T",PID 962,CAB 900,,,,,,,,,,,,,,,,
PID-092,Analog PID5 NAK A,3,"DT-CU2,PM,M,T",PID 963,CAB 900,,,,,,,,,,,,,,,,
PID-093,Analog PID5 Parity error A,3,"DT-CU2,PM,M,T",PID 964,CAB 900,,,,,,,,,,,,,,,,
PID-094,Analog PID5 BCC error A,3,"DT-CU2,PM,M,T",PID 965,CAB 900,,,,,,,,,,,,,,,,
PID-095,Analog PID5 Time Out A,3,"DT-CU2,PM,M,T",PID 966,CAB 900,,,,,,,,,,,,,,,,
PID-096,Analog PID5 LCD Power Supply A,3,"DT-CU2,PM,M,T",PID 310,,,,,,,,,,,,,,,,,
PID-098,Analog PID5 IC Error A,3,"DT-CU2,PM,M,T",PID 312,,,,,,,,,,,,,,,,,
PID-099,Analog PID5 channel select mismatch A,3,"DT-CU2,PM,M,T",PID 961,,,,,,,,5s,,,,,,,,,
PID-110,Analog PID6 transmission fault A,3,"DT-CU2,PM,M,T",PID 350,CAB 900,,,,,,,10s,,,,,,,,,
PID-111,Analog PID6 No response A,3,"DT-CU2,PM,M,T",PID 977,CAB 900,,,,,,,,,,,,,,,,
PID-112,Analog PID6 NAK A,3,"DT-CU2,PM,M,T",PID 978,CAB 900,,,,,,,,,,,,,,,,
PID-113,Analog PID6 Parity error A,3,"DT-CU2,PM,M,T",PID 979,CAB 900,,,,,,,,,,,,,,,,
PID-114,Analog PID6 BCC error A,3,"DT-CU2,PM,M,T",PID 980,CAB 900,,,,,,,,,,,,,,,,
PID-115,Analog PID6 Time Out A,3,"DT-CU2,PM,M,T",PID 981,CAB 900,,,,,,,,,,,,,,,,
PID-116,Analog PID6 LCD Power Supply A,3,"DT-CU2,PM,M,T",PID 360,,,,,,,,,,,,,,,,,
PID-118,Analog PID6 IC Error A,3,"DT-CU2,PM,M,T",PID 362,,,,,,,,,,,,,,,,,
PID-119,Analog PID6 channel select mismatch A,3,"DT-CU2,PM,M,T",PID 976,,,,,,,,5s,,,,,,,,,
TNI-010,TNI transmission fault(CU1),2,DT-CU1,DID 200,,,,,,,,10s,,,,,,,,,
TNI-011,TNI transmission fault(CU2),2,DT-CU2,DID 200,,,,,,,,10s,,,,,,,,,
DI-010,DI transmission fault(CU1),2,DT-CU1,DID 250,,,,,,,,90s,,,,,,,,,
DI-011,DI transmission fault(CU2),2,DT-CU2,DID 250,,,,,,,,90s,,,,,,,,,
DI-012,DI Light sensor fault,3,"DT-CU1,DT-CU2",DID 254,,,,,,,,,,,,,,,,,
ETC-000,,,,,,,,,,,,,,,,,,,,,
ETC-010,APC fault,1,PM,ETC 007,ETC 008,ETC 009,,,,,,0.2s,,,,,,,,,
ETC-011,APC Track Coil fail P1,2,PM,ETC 007,~ETC 008,~ETC 009,,,,,,0.2s,,,,,,,,,
ETC-012,APC Track Coil fail P2,2,PM,~ETC 007,ETC 008,~ETC 009,,,,,,0.2s,,,,,,,,,
ETC-013,APC Track Coil fail P3,2,PM,ETC 007,ETC 008,~ETC 009,,,,,,0.2s,,,,,,,,,
ETC-014,APC Track Coil fail P4,2,PM,~ETC 007,~ETC 008,ETC 009,,,,,,0.2s,,,,,,,,,
ETC-015,APC Track Coil fail P5,2,PM,ETC 007,~ETC 008,ETC 009,,,,,,0.2s,,,,,,,,,
ETC-016,APC Track Coil fail P6,2,PM,~ETC 007,ETC 008,ETC 009,,,,,,0.2s,,,,,,,,,
ETC-017,Internal Smoke Detection,1,"DT-CU2,PM,M,T",ETC 107,,,,,,,,,,,,,,,,,
ETC-018,External Smoke Detection,1,"DT-CU2,PM,M,T",ETC 108,,,,,,,,,,,,,,,,,
ETC-020,Main transformer over temp,1,PM,CI 800,,,,,,,,,,,,,,,,,
ETC-021,Main transformer oil flow stop,1,PM,CI 801,,,,,,,,,,,,,,,,,
ETC-022,Primary circuit over current,1,PM,CI 802,,,,,,,,,,,,,,,,,
ETC-023,VCB Trip,1,PM,CI 904,UP,SIV 001,,,,,,,CI 803,,,,,,,,
ETC-024,Pantograph auto dropped,1,PM,SIV 000,,,,,,,,,,,,,,,,,
ETC-025,Remote Power Supply,2,"DT-CU2,PM,M,T",SIV 007,,,,,,,,,,,,,,,,,
ETC-026,Remote Power Supply fault(PTK),2,"PM,M,T",SIV 007,^,SIV 008,SIV 503,,,,,5s,,,,,,,,,
ETC-027,Pantograph not raising,2,PM,~SIV 001,SIV 902,~CAB 035,,,,,,10s,SIV 901,,,,,,,,
ETC-028,Pantograph not down,2,PM,SIV 001,SIV 903,~CAB 035,,,,,,5s,SIV 900,,,,,,,,
ETC-029,Pantograph Isolate,3,PM,CAB 035,,,,,,,,,,,,,,,,,
ETC-030,Pantograph Isolate Fault,2,PM,CAB 035,^,CAB 023,,,,,,2s,,,,,,,,,
ETC-031,Battery low voltage,2,"M,T",SIV 904,SIV 504,,,,,,,5s,,,,,,,,,
ETC-032,,,,,,,,,,,,,,,,,,,,,
ETC-033,Bat Charger failure,3,"DT-CU2,M,T",SIV 905,~SIV 012,SIV 504,,,,,,10s,,,,,,,,,
ETC-035,Door isolation reset,2,"DT-CU1,DT-CU2",ETC 501,CAB 147,,,,,,,,,,,,,,,,
ETC-036,Loss of overhead voltage,1,"DT-CU1,DT-CU2",SIV 906,SIV 907,CAB 147,,,,,,10s,,,,,,,,,
ETC-037,Overvoltage of VT secondary output,1,PM,CI 905,,,,,,,,60s,~SIV 001,,,,,,,,
ETC-038,Higher voltage of VT secondary output than other,1,PM,CI 906,,,,,,,,60s,~SIV 001,,,,,,,,
DRM-000,,,,,,,,,,,,,,,,,,,,,
DRM-010,DRM transmission fault,3,DT-CU1,DRM 400,CAB 103,CAB 900,,,,,,10s,,,,,,,,,
DRM-011,Both DRM not active,2,DT-CU1,DRM 991,CAB 103,CAB 147,,,,,,10s,,,,,,,,,
DRM-012,Both DRM transmission fault,2,DT-CU1,DRM 990,CAB 103,CAB 147,,,,,,,,,,,,,,,
DRM-013,DRM Network error,3,DT-CU1,DRM 404,DRM 402,,,,,,,,,,,,,,,,
DRM-014,,3,DT-CU1,,,,,,,,,,,,,,,,,,
DRM-015,,3,DT-CU1,,,,,,,,,,,,,,,,,,
DRM-016,,3,DT-CU1,,,,,,,,,,,,,,,,,,
DRM-017,,3,DT-CU1,,,,,,,,,,,,,,,,,,
DRM-018,,3,DT-CU1,,,,,,,,,,,,,,,,,,
DRM-019,,3,DT-CU1,,,,,,,,,,,,,,,,,,
DRM-020,DRM DT1(Car-1) U-side CPU error,3,DT-CU1,DRM 548,DRM 412,,,,,,,,,,,,,,,,
DRM-021,DRM DT1(Car-1) U-side HDD error,3,DT-CU1,DRM 549,DRM 412,,,,,,,,,,,,,,,,
DRM-022,DRM DT1(Car-1) U-side Peripheral H/W error,3,DT-CU1,DRM 550,DRM 412,,,,,,,,,,,,,,,,
DRM-023,DRM DT1(Car-1) U-side Server serious error,3,DT-CU1,DRM 555,DRM 412,,,,,,,,,,,,,,,,
DRM-024,DRM DT1(Car-1) D-side CPU error,3,DT-CU1,DRM 556,DRM 412,,,,,,,,,,,,,,,,
DRM-025,DRM DT1(Car-1) D-side HDD error,3,DT-CU1,DRM 557,DRM 412,,,,,,,,,,,,,,,,
DRM-026,DRM DT1(Car-1) D-side Peripheral H/W error,3,DT-CU1,DRM 558,DRM 412,,,,,,,,,,,,,,,,
DRM-027,DRM DT1(Car-1) D-side Server serious error,3,DT-CU1,DRM 563,DRM 412,,,,,,,,,,,,,,,,
DRM-028,DRM PM1(Car-2) U-side CPU error,3,DT-CU1,DRM 564,DRM 413,,,,,,,,,,,,,,,,
DRM-029,DRM PM1(Car-2) U-side HDD error,3,DT-CU1,DRM 565,DRM 413,,,,,,,,,,,,,,,,
DRM-030,DRM PM1(Car-2) U-side Peripheral H/W error,3,DT-CU1,DRM 566,DRM 413,,,,,,,,,,,,,,,,
DRM-031,DRM PM1(Car-2) U-side Server serious error,3,DT-CU1,DRM 571,DRM 413,,,,,,,,,,,,,,,,
DRM-032,DRM PM1(Car-2) D-side CPU error,3,DT-CU1,DRM 572,DRM 413,,,,,,,,,,,,,,,,
DRM-033,DRM PM1(Car-2) D-side HDD error,3,DT-CU1,DRM 573,DRM 413,,,,,,,,,,,,,,,,
DRM-034,DRM PM1(Car-2) D-side Peripheral H/W error,3,DT-CU1,DRM 574,DRM 413,,,,,,,,,,,,,,,,
DRM-035,DRM PM1(Car-2) D-side Server serious error,3,DT-CU1,DRM 579,DRM 413,,,,,,,,,,,,,,,,
DRM-036,DRM MW1(Car-3) U-side CPU error,3,DT-CU1,DRM 580,DRM 414,,,,,,,,,,,,,,,,
DRM-037,DRM MW1(Car-3) U-side HDD error,3,DT-CU1,DRM 581,DRM 414,,,,,,,,,,,,,,,,
DRM-038,DRM MW1(Car-3) U-side Peripheral H/W error,3,DT-CU1,DRM 582,DRM 414,,,,,,,,,,,,,,,,
DRM-039,DRM MW1(Car-3) U-side Server serious error,3,DT-CU1,DRM 587,DRM 414,,,,,,,,,,,,,,,,
DRM-040,DRM MW1(Car-3) D-side CPU error,3,DT-CU1,DRM 588,DRM 414,,,,,,,,,,,,,,,,
DRM-041,DRM MW1(Car-3) D-side HDD error,3,DT-CU1,DRM 589,DRM 414,,,,,,,,,,,,,,,,
DRM-042,DRM MW1(Car-3) D-side Peripheral H/W error,3,DT-CU1,DRM 590,DRM 414,,,,,,,,,,,,,,,,
DRM-043,DRM MW1(Car-3) D-side Server serious error,3,DT-CU1,DRM 595,DRM 414,,,,,,,,,,,,,,,,
DRM-044,DRM TH1(Car-4) U-side CPU error,3,DT-CU1,DRM 596,DRM 415,,,,,,,,,,,,,,,,
DRM-045,DRM TH1(Car-4) U-side HDD error,3,DT-CU1,DRM 597,DRM 415,,,,,,,,,,,,,,,,
DRM-046,DRM TH1(Car-4) U-side Peripheral H/W error,3,DT-CU1,DRM 598,DRM 415,,,,,,,,,,,,,,,,
DRM-047,DRM TH1(Car-4) U-side Server serious error,3,DT-CU1,DRM 603,DRM 415,,,,,,,,,,,,,,,,
DRM-048,DRM TH1(Car-4) D-side CPU error,3,DT-CU1,DRM 604,DRM 415,,,,,,,,,,,,,,,,
DRM-049,DRM TH1(Car-4) D-side HDD error,3,DT-CU1,DRM 605,DRM 415,,,,,,,,,,,,,,,,
DRM-050,DRM TH1(Car-4) D-side Peripheral H/W error,3,DT-CU1,DRM 606,DRM 415,,,,,,,,,,,,,,,,
DRM-051,DRM TH1(Car-4) D-side Server serious error,3,DT-CU1,DRM 611,DRM 415,,,,,,,,,,,,,,,,
DRM-052,DRM TCH(Car-5) U-side CPU error,3,DT-CU1,DRM 612,DRM 416,,,,,,,,,,,,,,,,
DRM-053,DRM TCH(Car-5) U-side HDD error,3,DT-CU1,DRM 613,DRM 416,,,,,,,,,,,,,,,,
DRM-054,DRM TCH(Car-5) U-side Peripheral H/W error,3,DT-CU1,DRM 614,DRM 416,,,,,,,,,,,,,,,,
DRM-055,DRM TCH(Car-5) U-side Server serious error,3,DT-CU1,DRM 619,DRM 416,,,,,,,,,,,,,,,,
DRM-056,DRM TCH(Car-5) D-side CPU error,3,DT-CU1,DRM 620,DRM 416,,,,,,,,,,,,,,,,
DRM-057,DRM TCH(Car-5) D-side HDD error,3,DT-CU1,DRM 621,DRM 416,,,,,,,,,,,,,,,,
DRM-058,DRM TCH(Car-5) D-side Peripheral H/W error,3,DT-CU1,DRM 622,DRM 416,,,,,,,,,,,,,,,,
DRM-059,DRM TCH(Car-5) D-side Server serious error,3,DT-CU1,DRM 627,DRM 416,,,,,,,,,,,,,,,,
DRM-060,DRM MW2(Car-6) U-side CPU error,3,DT-CU1,DRM 628,DRM 417,,,,,,,,,,,,,,,,
DRM-061,DRM MW2(Car-6) U-side HDD error,3,DT-CU1,DRM 629,DRM 417,,,,,,,,,,,,,,,,
DRM-062,DRM MW2(Car-6) U-side Peripheral H/W error,3,DT-CU1,DRM 630,DRM 417,,,,,,,,,,,,,,,,
DRM-063,DRM MW2(Car-6) U-side Server serious error,3,DT-CU1,DRM 635,DRM 417,,,,,,,,,,,,,,,,
DRM-064,DRM MW2(Car-6) D-side CPU error,3,DT-CU1,DRM 636,DRM 417,,,,,,,,,,,,,,,,
DRM-065,DRM MW2(Car-6) D-side HDD error,3,DT-CU1,DRM 637,DRM 417,,,,,,,,,,,,,,,,
DRM-066,DRM MW2(Car-6) D-side Peripheral H/W error,3,DT-CU1,DRM 638,DRM 417,,,,,,,,,,,,,,,,
DRM-067,DRM MW2(Car-6) D-side Server serious error,3,DT-CU1,DRM 643,DRM 417,,,,,,,,,,,,,,,,
DRM-068,DRM PM2(Car-7) U-side CPU error,3,DT-CU1,DRM 644,DRM 418,,,,,,,,,,,,,,,,
DRM-069,DRM PM2(Car-7) U-side HDD error,3,DT-CU1,DRM 645,DRM 418,,,,,,,,,,,,,,,,
DRM-070,DRM PM2(Car-7) U-side Peripheral H/W error,3,DT-CU1,DRM 646,DRM 418,,,,,,,,,,,,,,,,
DRM-071,DRM PM2(Car-7) U-side Server serious error,3,DT-CU1,DRM 651,DRM 418,,,,,,,,,,,,,,,,
DRM-072,DRM PM2(Car-7) D-side CPU error,3,DT-CU1,DRM 652,DRM 418,,,,,,,,,,,,,,,,
DRM-073,DRM PM2(Car-7) D-side HDD error,3,DT-CU1,DRM 653,DRM 418,,,,,,,,,,,,,,,,
DRM-074,DRM PM2(Car-7) D-side Peripheral H/W error,3,DT-CU1,DRM 654,DRM 418,,,,,,,,,,,,,,,,
DRM-075,DRM PM2(Car-7) D-side Server serious error,3,DT-CU1,DRM 659,DRM 418,,,,,,,,,,,,,,,,
DRM-076,DRM DT2(Car-8) U-side CPU error,3,DT-CU1,DRM 660,DRM 419,,,,,,,,,,,,,,,,
DRM-077,DRM DT2(Car-8) U-side HDD error,3,DT-CU1,DRM 661,DRM 419,,,,,,,,,,,,,,,,
DRM-078,DRM DT2(Car-8) U-side Peripheral H/W error,3,DT-CU1,DRM 662,DRM 419,,,,,,,,,,,,,,,,
DRM-079,DRM DT2(Car-8) U-side Server serious error,3,DT-CU1,DRM 667,DRM 419,,,,,,,,,,,,,,,,
DRM-080,DRM DT2(Car-8) D-side CPU error,3,DT-CU1,DRM 668,DRM 419,,,,,,,,,,,,,,,,
DRM-081,DRM DT2(Car-8) D-side HDD error,3,DT-CU1,DRM 669,DRM 419,,,,,,,,,,,,,,,,
DRM-082,DRM DT2(Car-8) D-side Peripheral H/W error,3,DT-CU1,DRM 670,DRM 419,,,,,,,,,,,,,,,,
DRM-083,DRM DT2(Car-8) D-side Server serious error,3,DT-CU1,DRM 675,DRM 419,,,,,,,,,,,,,,,,
DRM-084,DRM DT1(Car-1) U-side Content error,3,DT-CU1,DRM 676,DRM 412,,,,,,,,,,,,,,,,
DRM-085,DRM DT1(Car-1) U-side Display log error,3,DT-CU1,DRM 677,DRM 412,,,,,,,,,,,,,,,,
DRM-086,DRM DT1(Car-1) U-side Script errpr,3,DT-CU1,DRM 678,DRM 412,,,,,,,,,,,,,,,,
DRM-087,DRM DT1(Car-1) U-side Peripheral H/W error 2,3,DT-CU1,DRM 679,DRM 412,,,,,,,,,,,,,,,,
DRM-088,DRM DT1(Car-1) U-side Route Code error,3,DT-CU1,DRM 680,DRM 412,CEN 765,~CEN 764,,,,,,,,,,,,,,
DRM-089,DRM DT1(Car-1) U-side Station Code error,3,DT-CU1,DRM 681,DRM 412,CEN 765,~CEN 764,,,,,,,,,,,,,,
DRM-090,DRM DT1(Car-1) D-side Content error,3,DT-CU1,DRM 684,DRM 412,,,,,,,,,,,,,,,,
DRM-091,DRM DT1(Car-1) D-side Display log error,3,DT-CU1,DRM 685,DRM 412,,,,,,,,,,,,,,,,
DRM-092,DRM DT1(Car-1) D-side Script errpr,3,DT-CU1,DRM 686,DRM 412,,,,,,,,,,,,,,,,
DRM-093,DRM DT1(Car-1) D-side Peripheral H/W error 2,3,DT-CU1,DRM 687,DRM 412,,,,,,,,,,,,,,,,
DRM-094,DRM DT1(Car-1) D-side Route Code error,3,DT-CU1,DRM 688,DRM 412,CEN 765,~CEN 764,,,,,,,,,,,,,,
DRM-095,DRM DT1(Car-1) D-side Station Code error,3,DT-CU1,DRM 689,DRM 412,CEN 765,~CEN 764,,,,,,,,,,,,,,
DRM-096,DRM PM1(Car-2) U-side Content error,3,DT-CU1,DRM 692,DRM 413,,,,,,,,,,,,,,,,
DRM-097,DRM PM1(Car-2) U-side Display log error,3,DT-CU1,DRM 693,DRM 413,,,,,,,,,,,,,,,,
DRM-098,DRM PM1(Car-2) U-side Script errpr,3,DT-CU1,DRM 694,DRM 413,,,,,,,,,,,,,,,,
DRM-099,DRM PM1(Car-2) U-side Peripheral H/W error 2,3,DT-CU1,DRM 695,DRM 413,,,,,,,,,,,,,,,,
DRM-100,DRM PM1(Car-2) U-side Route Code error,3,DT-CU1,DRM 696,DRM 413,CEN 765,~CEN 764,,,,,,,,,,,,,,
DRM-101,DRM PM1(Car-2) U-side Station Code error,3,DT-CU1,DRM 697,DRM 413,CEN 765,~CEN 764,,,,,,,,,,,,,,
DRM-102,DRM PM1(Car-2) D-side Content error,3,DT-CU1,DRM 700,DRM 413,,,,,,,,,,,,,,,,
DRM-103,DRM PM1(Car-2) D-side Display log error,3,DT-CU1,DRM 701,DRM 413,,,,,,,,,,,,,,,,
DRM-104,DRM PM1(Car-2) D-side Script errpr,3,DT-CU1,DRM 702,DRM 413,,,,,,,,,,,,,,,,
DRM-105,DRM PM1(Car-2) D-side Peripheral H/W error 2,3,DT-CU1,DRM 703,DRM 413,,,,,,,,,,,,,,,,
DRM-106,DRM PM1(Car-2) D-side Route Code error,3,DT-CU1,DRM 704,DRM 413,CEN 765,~CEN 764,,,,,,,,,,,,,,
DRM-107,DRM PM1(Car-2) D-side Station Code error,3,DT-CU1,DRM 705,DRM 413,CEN 765,~CEN 764,,,,,,,,,,,,,,
DRM-108,DRM MW1(Car-3) U-side Content error,3,DT-CU1,DRM 708,DRM 414,,,,,,,,,,,,,,,,
DRM-109,DRM MW1(Car-3) U-side Display log error,3,DT-CU1,DRM 709,DRM 414,,,,,,,,,,,,,,,,
DRM-110,DRM MW1(Car-3) U-side Script errpr,3,DT-CU1,DRM 710,DRM 414,,,,,,,,,,,,,,,,
DRM-111,DRM MW1(Car-3) U-side Peripheral H/W error 2,3,DT-CU1,DRM 711,DRM 414,,,,,,,,,,,,,,,,
DRM-112,DRM MW1(Car-3) U-side Route Code error,3,DT-CU1,DRM 712,DRM 414,CEN 765,~CEN 764,,,,,,,,,,,,,,
DRM-113,DRM MW1(Car-3) U-side Station Code error,3,DT-CU1,DRM 713,DRM 414,CEN 765,~CEN 764,,,,,,,,,,,,,,
DRM-114,DRM MW1(Car-3) D-side Content error,3,DT-CU1,DRM 716,DRM 414,,,,,,,,,,,,,,,,
DRM-115,DRM MW1(Car-3) D-side Display log error,3,DT-CU1,DRM 717,DRM 414,,,,,,,,,,,,,,,,
DRM-116,DRM MW1(Car-3) D-side Script errpr,3,DT-CU1,DRM 718,DRM 414,,,,,,,,,,,,,,,,
DRM-117,DRM MW1(Car-3) D-side Peripheral H/W error 2,3,DT-CU1,DRM 719,DRM 414,,,,,,,,,,,,,,,,
DRM-118,DRM MW1(Car-3) D-side Route Code error,3,DT-CU1,DRM 720,DRM 414,CEN 765,~CEN 764,,,,,,,,,,,,,,
DRM-119,DRM MW1(Car-3) D-side Station Code error,3,DT-CU1,DRM 721,DRM 414,CEN 765,~CEN 764,,,,,,,,,,,,,,
DRM-120,DRM TH1(Car-4) U-side Content error,3,DT-CU1,DRM 724,DRM 415,,,,,,,,,,,,,,,,
DRM-121,DRM TH1(Car-4) U-side Display log error,3,DT-CU1,DRM 725,DRM 415,,,,,,,,,,,,,,,,
DRM-122,DRM TH1(Car-4) U-side Script errpr,3,DT-CU1,DRM 726,DRM 415,,,,,,,,,,,,,,,,
DRM-123,DRM TH1(Car-4) U-side Peripheral H/W error 2,3,DT-CU1,DRM 727,DRM 415,,,,,,,,,,,,,,,,
DRM-124,DRM TH1(Car-4) U-side Route Code error,3,DT-CU1,DRM 728,DRM 415,CEN 765,~CEN 764,,,,,,,,,,,,,,
DRM-125,DRM TH1(Car-4) U-side Station Code error,3,DT-CU1,DRM 729,DRM 415,CEN 765,~CEN 764,,,,,,,,,,,,,,
DRM-126,DRM TH1(Car-4) D-side Content error,3,DT-CU1,DRM 732,DRM 415,,,,,,,,,,,,,,,,
DRM-127,DRM TH1(Car-4) D-side Display log error,3,DT-CU1,DRM 733,DRM 415,,,,,,,,,,,,,,,,
DRM-128,DRM TH1(Car-4) D-side Script errpr,3,DT-CU1,DRM 734,DRM 415,,,,,,,,,,,,,,,,
DRM-129,DRM TH1(Car-4) D-side Peripheral H/W error 2,3,DT-CU1,DRM 735,DRM 415,,,,,,,,,,,,,,,,
DRM-130,DRM TH1(Car-4) D-side Route Code error,3,DT-CU1,DRM 736,DRM 415,CEN 765,~CEN 764,,,,,,,,,,,,,,
DRM-131,DRM TH1(Car-4) D-side Station Code error,3,DT-CU1,DRM 737,DRM 415,CEN 765,~CEN 764,,,,,,,,,,,,,,
DRM-132,DRM TCH(Car-5) U-side Content error,3,DT-CU1,DRM 740,DRM 416,,,,,,,,,,,,,,,,
DRM-133,DRM TCH(Car-5) U-side Display log error,3,DT-CU1,DRM 741,DRM 416,,,,,,,,,,,,,,,,
DRM-134,DRM TCH(Car-5) U-side Script errpr,3,DT-CU1,DRM 742,DRM 416,,,,,,,,,,,,,,,,
DRM-135,DRM TCH(Car-5) U-side Peripheral H/W error 2,3,DT-CU1,DRM 743,DRM 416,,,,,,,,,,,,,,,,
DRM-136,DRM TCH(Car-5) U-side Route Code error,3,DT-CU1,DRM 744,DRM 416,CEN 765,~CEN 764,,,,,,,,,,,,,,
DRM-137,DRM TCH(Car-5) U-side Station Code error,3,DT-CU1,DRM 745,DRM 416,CEN 765,~CEN 764,,,,,,,,,,,,,,
DRM-138,DRM TCH(Car-5) D-side Content error,3,DT-CU1,DRM 748,DRM 416,,,,,,,,,,,,,,,,
DRM-139,DRM TCH(Car-5) D-side Display log error,3,DT-CU1,DRM 749,DRM 416,,,,,,,,,,,,,,,,
DRM-140,DRM TCH(Car-5) D-side Script errpr,3,DT-CU1,DRM 750,DRM 416,,,,,,,,,,,,,,,,
DRM-141,DRM TCH(Car-5) D-side Peripheral H/W error 2,3,DT-CU1,DRM 751,DRM 416,,,,,,,,,,,,,,,,
DRM-142,DRM TCH(Car-5) D-side Route Code error,3,DT-CU1,DRM 752,DRM 416,CEN 765,~CEN 764,,,,,,,,,,,,,,
DRM-143,DRM TCH(Car-5) D-side Station Code error,3,DT-CU1,DRM 753,DRM 416,CEN 765,~CEN 764,,,,,,,,,,,,,,
DRM-144,DRM MW2(Car-6) U-side Content error,3,DT-CU1,DRM 756,DRM 417,,,,,,,,,,,,,,,,
DRM-145,DRM MW2(Car-6) U-side Display log error,3,DT-CU1,DRM 757,DRM 417,,,,,,,,,,,,,,,,
DRM-146,DRM MW2(Car-6) U-side Script errpr,3,DT-CU1,DRM 758,DRM 417,,,,,,,,,,,,,,,,
DRM-147,DRM MW2(Car-6) U-side Peripheral H/W error 2,3,DT-CU1,DRM 759,DRM 417,,,,,,,,,,,,,,,,
DRM-148,DRM MW2(Car-6) U-side Route Code error,3,DT-CU1,DRM 760,DRM 417,CEN 765,~CEN 764,,,,,,,,,,,,,,
DRM-149,DRM MW2(Car-6) U-side Station Code error,3,DT-CU1,DRM 761,DRM 417,CEN 765,~CEN 764,,,,,,,,,,,,,,
DRM-150,DRM MW2(Car-6) D-side Content error,3,DT-CU1,DRM 764,DRM 417,,,,,,,,,,,,,,,,
DRM-151,DRM MW2(Car-6) D-side Display log error,3,DT-CU1,DRM 765,DRM 417,,,,,,,,,,,,,,,,
DRM-152,DRM MW2(Car-6) D-side Script errpr,3,DT-CU1,DRM 766,DRM 417,,,,,,,,,,,,,,,,
DRM-153,DRM MW2(Car-6) D-side Peripheral H/W error 2,3,DT-CU1,DRM 767,DRM 417,,,,,,,,,,,,,,,,
DRM-154,DRM MW2(Car-6) D-side Route Code error,3,DT-CU1,DRM 768,DRM 417,,,,,,,,,,,,,,,,
DRM-155,DRM MW2(Car-6) D-side Station Code error,3,DT-CU1,DRM 769,DRM 417,,,,,,,,,,,,,,,,
DRM-156,DRM PM2(Car-7) U-side Content error,3,DT-CU1,DRM 772,DRM 418,,,,,,,,,,,,,,,,
DRM-157,DRM PM2(Car-7) U-side Display log error,3,DT-CU1,DRM 773,DRM 418,,,,,,,,,,,,,,,,
DRM-158,DRM PM2(Car-7) U-side Script errpr,3,DT-CU1,DRM 774,DRM 418,,,,,,,,,,,,,,,,
DRM-159,DRM PM2(Car-7) U-side Peripheral H/W error 2,3,DT-CU1,DRM 775,DRM 418,,,,,,,,,,,,,,,,
DRM-160,DRM PM2(Car-7) U-side Route Code error,3,DT-CU1,DRM 776,DRM 418,CEN 765,~CEN 764,,,,,,,,,,,,,,
DRM-161,DRM PM2(Car-7) U-side Station Code error,3,DT-CU1,DRM 777,DRM 418,CEN 765,~CEN 764,,,,,,,,,,,,,,
DRM-162,DRM PM2(Car-7) D-side Content error,3,DT-CU1,DRM 780,DRM 418,,,,,,,,,,,,,,,,
DRM-163,DRM PM2(Car-7) D-side Display log error,3,DT-CU1,DRM 781,DRM 418,,,,,,,,,,,,,,,,
DRM-164,DRM PM2(Car-7) D-side Script errpr,3,DT-CU1,DRM 782,DRM 418,,,,,,,,,,,,,,,,
DRM-165,DRM PM2(Car-7) D-side Peripheral H/W error 2,3,DT-CU1,DRM 783,DRM 418,,,,,,,,,,,,,,,,
DRM-166,DRM PM2(Car-7) D-side Route Code error,3,DT-CU1,DRM 784,DRM 418,CEN 765,~CEN 764,,,,,,,,,,,,,,
DRM-167,DRM PM2(Car-7) D-side Station Code error,3,DT-CU1,DRM 785,DRM 418,CEN 765,~CEN 764,,,,,,,,,,,,,,
DRM-168,DRM DT2(Car-8) U-side Content error,3,DT-CU1,DRM 788,DRM 418,,,,,,,,,,,,,,,,
DRM-169,DRM DT2(Car-8) U-side Display log error,3,DT-CU1,DRM 789,DRM 419,,,,,,,,,,,,,,,,
DRM-170,DRM DT2(Car-8) U-side Script errpr,3,DT-CU1,DRM 790,DRM 419,,,,,,,,,,,,,,,,
DRM-171,DRM DT2(Car-8) U-side Peripheral H/W error 2,3,DT-CU1,DRM 791,DRM 419,,,,,,,,,,,,,,,,
DRM-172,DRM DT2(Car-8) U-side Route Code error,3,DT-CU1,DRM 792,DRM 419,CEN 765,~CEN 764,,,,,,,,,,,,,,
DRM-173,DRM DT2(Car-8) U-side Station Code error,3,DT-CU1,DRM 793,DRM 419,CEN 765,~CEN 764,,,,,,,,,,,,,,
DRM-174,DRM DT2(Car-8) D-side Content error,3,DT-CU1,DRM 796,DRM 419,,,,,,,,,,,,,,,,
DRM-175,DRM DT2(Car-8) D-side Display log error,3,DT-CU1,DRM 797,DRM 419,,,,,,,,,,,,,,,,
DRM-176,DRM DT2(Car-8) D-side Script errpr,3,DT-CU1,DRM 798,DRM 419,,,,,,,,,,,,,,,,
DRM-177,DRM DT2(Car-8) D-side Peripheral H/W error 2,3,DT-CU1,DRM 799,DRM 419,,,,,,,,,,,,,,,,
DRM-178,DRM DT2(Car-8) D-side Route Code error,3,DT-CU1,DRM 800,DRM 419,CEN 765,~CEN 764,,,,,,,,,,,,,,
DRM-179,DRM DT2(Car-8) D-side Station Code error,3,DT-CU1,DRM 801,DRM 419,CEN 765,~CEN 764,,,,,,,,,,,,,,
DRM-180,GED DT1(Car-1) U-side 2 Display is unhealthy,3,DT-CU1,DRM 804,DRM 412,,,,,,,,,,,,,,,,
DRM-181,DRM DT1(Car-1) U-side 5 Display is unhealthy,3,DT-CU1,DRM 806,DRM 412,,,,,,,,,,,,,,,,
DRM-182,DRM DT1(Car-1) U-side 4 Display is unhealthy,3,DT-CU1,DRM 807,DRM 412,,,,,,,,,,,,,,,,
DRM-183,DRM DT1(Car-1) U-side 3 Display is unhealthy,3,DT-CU1,DRM 808,DRM 412,,,,,,,,,,,,,,,,
DRM-184,DRM DT1(Car-1) U-side 2 Display is unhealthy,3,DT-CU1,DRM 809,DRM 412,,,,,,,,,,,,,,,,
DRM-185,DRM DT1(Car-1) U-side 1 Display is unhealthy,3,DT-CU1,DRM 810,DRM 412,,,,,,,,,,,,,,,,
DRM-186,GED DT1(Car-1) D-side 2 Display is unhealthy,3,DT-CU1,DRM 812,DRM 412,,,,,,,,,,,,,,,,
DRM-187,DRM DT1(Car-1) D-side 5 Display is unhealthy,3,DT-CU1,DRM 814,DRM 412,,,,,,,,,,,,,,,,
DRM-188,DRM DT1(Car-1) D-side 4 Display is unhealthy,3,DT-CU1,DRM 815,DRM 412,,,,,,,,,,,,,,,,
DRM-189,DRM DT1(Car-1) D-side 3 Display is unhealthy,3,DT-CU1,DRM 816,DRM 412,,,,,,,,,,,,,,,,
DRM-190,DRM DT1(Car-1) D-side 2 Display is unhealthy,3,DT-CU1,DRM 817,DRM 412,,,,,,,,,,,,,,,,
DRM-191,DRM DT1(Car-1) D-side 1 Display is unhealthy,3,DT-CU1,DRM 818,DRM 412,,,,,,,,,,,,,,,,
DRM-192,GED PM1(Car-2) U-side 2 Display is unhealthy,3,DT-CU1,DRM 820,DRM 413,,,,,,,,,,,,,,,,
DRM-193,GED PM1(Car-2) U-side 1 Display is unhealthy,3,DT-CU1,DRM 821,DRM 413,,,,,,,,,,,,,,,,
DRM-194,DRM PM1(Car-2) U-side 5 Display is unhealthy,3,DT-CU1,DRM 822,DRM 413,,,,,,,,,,,,,,,,
DRM-195,DRM PM1(Car-2) U-side 4 Display is unhealthy,3,DT-CU1,DRM 823,DRM 413,,,,,,,,,,,,,,,,
DRM-196,DRM PM1(Car-2) U-side 3 Display is unhealthy,3,DT-CU1,DRM 824,DRM 413,,,,,,,,,,,,,,,,
DRM-197,DRM PM1(Car-2) U-side 2 Display is unhealthy,3,DT-CU1,DRM 825,DRM 413,,,,,,,,,,,,,,,,
DRM-198,DRM PM1(Car-2) U-side 1 Display is unhealthy,3,DT-CU1,DRM 826,DRM 413,,,,,,,,,,,,,,,,
DRM-199,GED PM1(Car-2) D-side 2 Display is unhealthy,3,DT-CU1,DRM 828,DRM 413,,,,,,,,,,,,,,,,
DRM-200,GED PM1(Car-2) D-side 1 Display is unhealthy,3,DT-CU1,DRM 829,DRM 413,,,,,,,,,,,,,,,,
DRM-201,DRM PM1(Car-2) D-side 5 Display is unhealthy,3,DT-CU1,DRM 830,DRM 413,,,,,,,,,,,,,,,,
DRM-202,DRM PM1(Car-2) D-side 4 Display is unhealthy,3,DT-CU1,DRM 831,DRM 413,,,,,,,,,,,,,,,,
DRM-203,DRM PM1(Car-2) D-side 3 Display is unhealthy,3,DT-CU1,DRM 832,DRM 414,,,,,,,,,,,,,,,,
DRM-204,DRM PM1(Car-2) D-side 2 Display is unhealthy,3,DT-CU1,DRM 833,DRM 414,,,,,,,,,,,,,,,,
DRM-205,DRM PM1(Car-2) D-side 1 Display is unhealthy,3,DT-CU1,DRM 834,DRM 414,,,,,,,,,,,,,,,,
DRM-206,GED MW1(Car-3) U-side 2 Display is unhealthy,3,DT-CU1,DRM 836,DRM 414,,,,,,,,,,,,,,,,
DRM-207,GED MW1(Car-3) U-side 1 Display is unhealthy,3,DT-CU1,DRM 837,DRM 414,,,,,,,,,,,,,,,,
DRM-208,DRM MW1(Car-3) U-side 5 Display is unhealthy,3,DT-CU1,DRM 838,DRM 414,,,,,,,,,,,,,,,,
DRM-209,DRM MW1(Car-3) U-side 4 Display is unhealthy,3,DT-CU1,DRM 839,DRM 414,,,,,,,,,,,,,,,,
DRM-210,DRM MW1(Car-3) U-side 3 Display is unhealthy,3,DT-CU1,DRM 840,DRM 414,,,,,,,,,,,,,,,,
DRM-211,DRM MW1(Car-3) U-side 2 Display is unhealthy,3,DT-CU1,DRM 841,DRM 414,,,,,,,,,,,,,,,,
DRM-212,DRM MW1(Car-3) U-side 1 Display is unhealthy,3,DT-CU1,DRM 842,DRM 414,,,,,,,,,,,,,,,,
DRM-213,GED MW1(Car-3) D-side 2 Display is unhealthy,3,DT-CU1,DRM 844,DRM 414,,,,,,,,,,,,,,,,
DRM-214,GED MW1(Car-3) D-side 1 Display is unhealthy,3,DT-CU1,DRM 845,DRM 414,,,,,,,,,,,,,,,,
DRM-215,DRM MW1(Car-3) D-side 5 Display is unhealthy,3,DT-CU1,DRM 846,DRM 414,,,,,,,,,,,,,,,,
DRM-216,DRM MW1(Car-3) D-side 4 Display is unhealthy,3,DT-CU1,DRM 847,DRM 414,,,,,,,,,,,,,,,,
DRM-217,DRM MW1(Car-3) D-side 3 Display is unhealthy,3,DT-CU1,DRM 848,DRM 414,,,,,,,,,,,,,,,,
DRM-218,DRM MW1(Car-3) D-side 2 Display is unhealthy,3,DT-CU1,DRM 849,DRM 414,,,,,,,,,,,,,,,,
DRM-219,DRM MW1(Car-3) D-side 1 Display is unhealthy,3,DT-CU1,DRM 850,DRM 414,,,,,,,,,,,,,,,,
DRM-220,GED TH1(Car-4) U-side 2 Display is unhealthy,3,DT-CU1,DRM 852,DRM 415,,,,,,,,,,,,,,,,
DRM-221,GED TH1(Car-4) U-side 1 Display is unhealthy,3,DT-CU1,DRM 853,DRM 415,,,,,,,,,,,,,,,,
DRM-222,DRM TH1(Car-4) U-side 5 Display is unhealthy,3,DT-CU1,DRM 854,DRM 415,,,,,,,,,,,,,,,,
DRM-223,DRM TH1(Car-4) U-side 4 Display is unhealthy,3,DT-CU1,DRM 855,DRM 415,,,,,,,,,,,,,,,,
DRM-224,DRM TH1(Car-4) U-side 3 Display is unhealthy,3,DT-CU1,DRM 856,DRM 415,,,,,,,,,,,,,,,,
DRM-225,DRM TH1(Car-4) U-side 2 Display is unhealthy,3,DT-CU1,DRM 857,DRM 415,,,,,,,,,,,,,,,,
DRM-226,DRM TH1(Car-4) U-side 1 Display is unhealthy,3,DT-CU1,DRM 858,DRM 415,,,,,,,,,,,,,,,,
DRM-227,GED TH1(Car-4) D-side 2 Display is unhealthy,3,DT-CU1,DRM 860,DRM 415,,,,,,,,,,,,,,,,
DRM-228,GED TH1(Car-4) D-side 1 Display is unhealthy,3,DT-CU1,DRM 861,DRM 415,,,,,,,,,,,,,,,,
DRM-229,DRM TH1(Car-4) D-side 5 Display is unhealthy,3,DT-CU1,DRM 862,DRM 415,,,,,,,,,,,,,,,,
DRM-230,DRM TH1(Car-4) D-side 4 Display is unhealthy,3,DT-CU1,DRM 863,DRM 415,,,,,,,,,,,,,,,,
DRM-231,DRM TH1(Car-4) D-side 3 Display is unhealthy,3,DT-CU1,DRM 864,DRM 415,,,,,,,,,,,,,,,,
DRM-232,DRM TH1(Car-4) D-side 2 Display is unhealthy,3,DT-CU1,DRM 865,DRM 415,,,,,,,,,,,,,,,,
DRM-233,DRM TH1(Car-4) D-side 1 Display is unhealthy,3,DT-CU1,DRM 866,DRM 415,,,,,,,,,,,,,,,,
DRM-234,GED TCH(Car-5) U-side 2 Display is unhealthy,3,DT-CU1,DRM 868,DRM 416,,,,,,,,,,,,,,,,
DRM-235,GED TCH(Car-5) U-side 1 Display is unhealthy,3,DT-CU1,DRM 869,DRM 416,,,,,,,,,,,,,,,,
DRM-236,DRM TCH(Car-5) U-side 5 Display is unhealthy,3,DT-CU1,DRM 870,DRM 416,,,,,,,,,,,,,,,,
DRM-237,DRM TCH(Car-5) U-side 4 Display is unhealthy,3,DT-CU1,DRM 871,DRM 416,,,,,,,,,,,,,,,,
DRM-238,DRM TCH(Car-5) U-side 3 Display is unhealthy,3,DT-CU1,DRM 872,DRM 416,,,,,,,,,,,,,,,,
DRM-239,DRM TCH(Car-5) U-side 2 Display is unhealthy,3,DT-CU1,DRM 873,DRM 416,,,,,,,,,,,,,,,,
DRM-240,DRM TCH(Car-5) U-side 1 Display is unhealthy,3,DT-CU1,DRM 874,DRM 416,,,,,,,,,,,,,,,,
DRM-241,GED TCH(Car-5) D-side 2 Display is unhealthy,3,DT-CU1,DRM 876,DRM 416,,,,,,,,,,,,,,,,
DRM-242,GED TCH(Car-5) D-side 1 Display is unhealthy,3,DT-CU1,DRM 877,DRM 416,,,,,,,,,,,,,,,,
DRM-243,DRM TCH(Car-5) D-side 5 Display is unhealthy,3,DT-CU1,DRM 878,DRM 416,,,,,,,,,,,,,,,,
DRM-244,DRM TCH(Car-5) D-side 4 Display is unhealthy,3,DT-CU1,DRM 879,DRM 416,,,,,,,,,,,,,,,,
DRM-245,DRM TCH(Car-5) D-side 3 Display is unhealthy,3,DT-CU1,DRM 880,DRM 416,,,,,,,,,,,,,,,,
DRM-246,DRM TCH(Car-5) D-side 2 Display is unhealthy,3,DT-CU1,DRM 881,DRM 416,,,,,,,,,,,,,,,,
DRM-247,DRM TCH(Car-5) D-side 1 Display is unhealthy,3,DT-CU1,DRM 882,DRM 416,,,,,,,,,,,,,,,,
DRM-248,GED MW2(Car-6) U-side 2 Display is unhealthy,3,DT-CU1,DRM 884,DRM 417,,,,,,,,,,,,,,,,
DRM-249,GED MW2(Car-6) U-side 1 Display is unhealthy,3,DT-CU1,DRM 885,DRM 417,,,,,,,,,,,,,,,,
DRM-250,DRM MW2(Car-6) U-side 5 Display is unhealthy,3,DT-CU1,DRM 886,DRM 417,,,,,,,,,,,,,,,,
DRM-251,DRM MW2(Car-6) U-side 4 Display is unhealthy,3,DT-CU1,DRM 887,DRM 417,,,,,,,,,,,,,,,,
DRM-252,DRM MW2(Car-6) U-side 3 Display is unhealthy,3,DT-CU1,DRM 888,DRM 417,,,,,,,,,,,,,,,,
DRM-253,DRM MW2(Car-6) U-side 2 Display is unhealthy,3,DT-CU1,DRM 889,DRM 417,,,,,,,,,,,,,,,,
DRM-254,DRM MW2(Car-6) U-side 1 Display is unhealthy,3,DT-CU1,DRM 890,DRM 417,,,,,,,,,,,,,,,,
DRM-255,GED MW2(Car-6) D-side 2 Display is unhealthy,3,DT-CU1,DRM 892,DRM 417,,,,,,,,,,,,,,,,
DRM-256,GED MW2(Car-6) D-side 1 Display is unhealthy,3,DT-CU1,DRM 893,DRM 417,,,,,,,,,,,,,,,,
DRM-257,DRM MW2(Car-6) D-side 5 Display is unhealthy,3,DT-CU1,DRM 894,DRM 417,,,,,,,,,,,,,,,,
DRM-258,DRM MW2(Car-6) D-side 4 Display is unhealthy,3,DT-CU1,DRM 895,DRM 417,,,,,,,,,,,,,,,,
DRM-259,DRM MW2(Car-6) D-side 3 Display is unhealthy,3,DT-CU1,DRM 896,DRM 417,,,,,,,,,,,,,,,,
DRM-260,DRM MW2(Car-6) D-side 2 Display is unhealthy,3,DT-CU1,DRM 897,DRM 417,,,,,,,,,,,,,,,,
DRM-261,DRM MW2(Car-6) D-side 1 Display is unhealthy,3,DT-CU1,DRM 898,DRM 417,,,,,,,,,,,,,,,,
DRM-262,GED PM2(Car-7) U-side 2 Display is unhealthy,3,DT-CU1,DRM 900,DRM 418,,,,,,,,,,,,,,,,
DRM-263,GED PM2(Car-7) U-side 1 Display is unhealthy,3,DT-CU1,DRM 901,DRM 418,,,,,,,,,,,,,,,,
DRM-264,DRM PM2(Car-7) U-side 5 Display is unhealthy,3,DT-CU1,DRM 902,DRM 418,,,,,,,,,,,,,,,,
DRM-265,DRM PM2(Car-7) U-side 4 Display is unhealthy,3,DT-CU1,DRM 903,DRM 418,,,,,,,,,,,,,,,,
DRM-266,DRM PM2(Car-7) U-side 3 Display is unhealthy,3,DT-CU1,DRM 904,DRM 418,,,,,,,,,,,,,,,,
DRM-267,DRM PM2(Car-7) U-side 2 Display is unhealthy,3,DT-CU1,DRM 905,DRM 418,,,,,,,,,,,,,,,,
DRM-268,DRM PM2(Car-7) U-side 1 Display is unhealthy,3,DT-CU1,DRM 906,DRM 418,,,,,,,,,,,,,,,,
DRM-269,GED PM2(Car-7) D-side 2 Display is unhealthy,3,DT-CU1,DRM 908,DRM 418,,,,,,,,,,,,,,,,
DRM-270,GED PM2(Car-7) D-side 1 Display is unhealthy,3,DT-CU1,DRM 909,DRM 418,,,,,,,,,,,,,,,,
DRM-271,DRM PM2(Car-7) D-side 5 Display is unhealthy,3,DT-CU1,DRM 910,DRM 418,,,,,,,,,,,,,,,,
DRM-272,DRM PM2(Car-7) D-side 4 Display is unhealthy,3,DT-CU1,DRM 911,DRM 418,,,,,,,,,,,,,,,,
DRM-273,DRM PM2(Car-7) D-side 3 Display is unhealthy,3,DT-CU1,DRM 912,DRM 418,,,,,,,,,,,,,,,,
DRM-274,DRM PM2(Car-7) D-side 2 Display is unhealthy,3,DT-CU1,DRM 913,DRM 418,,,,,,,,,,,,,,,,
DRM-275,DRM PM2(Car-7) D-side 1 Display is unhealthy,3,DT-CU1,DRM 914,DRM 418,,,,,,,,,,,,,,,,
DRM-276,GED DT2(Car-8) U-side 1 Display is unhealthy,3,DT-CU1,DRM 917,DRM 419,,,,,,,,,,,,,,,,
DRM-277,DRM DT2(Car-8) U-side 5 Display is unhealthy,3,DT-CU1,DRM 918,DRM 419,,,,,,,,,,,,,,,,
DRM-278,DRM DT2(Car-8) U-side 4 Display is unhealthy,3,DT-CU1,DRM 919,DRM 419,,,,,,,,,,,,,,,,
DRM-279,DRM DT2(Car-8) U-side 3 Display is unhealthy,3,DT-CU1,DRM 920,DRM 419,,,,,,,,,,,,,,,,
DRM-280,DRM DT2(Car-8) U-side 2 Display is unhealthy,3,DT-CU1,DRM 921,DRM 419,,,,,,,,,,,,,,,,
DRM-281,DRM DT2(Car-8) U-side 1 Display is unhealthy,3,DT-CU1,DRM 922,DRM 419,,,,,,,,,,,,,,,,
DRM-282,GED DT2(Car-8) D-side 1 Display is unhealthy,3,DT-CU1,DRM 925,DRM 419,,,,,,,,,,,,,,,,
DRM-283,DRM DT2(Car-8) D-side 5 Display is unhealthy,3,DT-CU1,DRM 926,DRM 419,,,,,,,,,,,,,,,,
DRM-284,DRM DT2(Car-8) D-side 4 Display is unhealthy,3,DT-CU1,DRM 927,DRM 419,,,,,,,,,,,,,,,,
DRM-285,DRM DT2(Car-8) D-side 3 Display is unhealthy,3,DT-CU1,DRM 928,DRM 419,,,,,,,,,,,,,,,,
DRM-286,DRM DT2(Car-8) D-side 2 Display is unhealthy,3,DT-CU1,DRM 929,DRM 419,,,,,,,,,,,,,,,,
DRM-287,DRM DT2(Car-8) D-side 1 Display is unhealthy,3,DT-CU1,DRM 930,DRM 419,,,,,,,,,,,,,,,,
DRM-288,,3,DT-CU1,,,,,,,,,,,,,,,,,,
DRM-289,,3,DT-CU1,,,,,,,,,,,,,,,,,,
DRM-290,,3,DT-CU1,,,,,,,,,,,,,,,,,,
DRM-291,,3,DT-CU1,,,,,,,,,,,,,,,,,,
DRM-292,,3,DT-CU1,,,,,,,,,,,,,,,,,,
DRM-293,,3,DT-CU1,,,,,,,,,,,,,,,,,,
DRM-294,,3,DT-CU1,,,,,,,,,,,,,,,,,,
DRM-295,,3,DT-CU1,,,,,,,,,,,,,,,,,,
DRM-296,,3,DT-CU1,,,,,,,,,,,,,,,,,,
DRM-297,,3,DT-CU1,,,,,,,,,,,,,,,,,,
DRM-298,,3,DT-CU1,,,,,,,,,,,,,,,,,,
DRM-299,,3,DT-CU1,,,,,,,,,,,,,,,,,,
DRM-300,,3,DT-CU1,,,,,,,,,,,,,,,,,,
DRM-301,,3,DT-CU1,,,,,,,,,,,,,,,,,,
DRM-302,,3,DT-CU1,,,,,,,,,,,,,,,,,,